"barcode","dataset","PAX8","GATA3","ESR1"
"TCGA-A1-A0SD-01A-11R-A115-07","BRCA.mRNA",-0.54225,2.8705,3.08425
"TCGA-A1-A0SE-01A-11R-A084-07","BRCA.mRNA",-0.59475,2.16625,2.386
"TCGA-A1-A0SH-01A-11R-A084-07","BRCA.mRNA",0.49975,1.3235,0.79125
"TCGA-A1-A0SJ-01A-11R-A084-07","BRCA.mRNA",-0.5885,1.841625,2.49541666666667
"TCGA-A1-A0SK-01A-12R-A084-07","BRCA.mRNA",-0.96475,-6.02525,-4.86066666666667
"TCGA-A1-A0SM-01A-11R-A084-07","BRCA.mRNA",0.57275,1.8045,2.797
"TCGA-A1-A0SO-01A-22R-A084-07","BRCA.mRNA",-0.68475,-4.87925,-4.48608333333333
"TCGA-A1-A0SP-01A-11R-A084-07","BRCA.mRNA",-0.43825,-3.14325,-1.62741666666667
"TCGA-A2-A04N-01A-11R-A115-07","BRCA.mRNA",0.34025,2.034,4.11558333333333
"TCGA-A2-A04P-01A-31R-A034-07","BRCA.mRNA",-1.3515,-0.293125,0.473166666666667
"TCGA-A2-A04Q-01A-21R-A034-07","BRCA.mRNA",0.53325,-0.802625,-1.80158333333333
"TCGA-A2-A04R-01A-41R-A109-07","BRCA.mRNA",0.2115,2.646375,3.84525
"TCGA-A2-A04T-01A-21R-A034-07","BRCA.mRNA",0.46475,-2.315375,-3.24466666666667
"TCGA-A2-A04U-01A-11R-A115-07","BRCA.mRNA",-1.02225,-3.758125,-4.21433333333333
"TCGA-A2-A04V-01A-21R-A034-07","BRCA.mRNA",-0.75325,3.93,4.07166666666667
"TCGA-A2-A04W-01A-31R-A115-07","BRCA.mRNA",0.73725,-1.28125,-1.46258333333333
"TCGA-A2-A04X-01A-21R-A034-07","BRCA.mRNA",-0.043,1.619375,0.917333333333333
"TCGA-A2-A04Y-01A-21R-A034-07","BRCA.mRNA",0.20475,1.87025,3.01266666666667
"TCGA-A2-A0CL-01A-11R-A115-07","BRCA.mRNA",-0.401,1.470375,0.43225
"TCGA-A2-A0CM-01A-31R-A034-07","BRCA.mRNA",0.6335,-2.95925,-1.44283333333333
"TCGA-A2-A0CP-01A-11R-A034-07","BRCA.mRNA",-0.13375,2.34725,2.85416666666667
"TCGA-A2-A0CQ-01A-21R-A034-07","BRCA.mRNA",0.729,2.456625,4.35833333333333
"TCGA-A2-A0CS-01A-11R-A115-07","BRCA.mRNA",-0.1855,3.36942857142857,4.52125
"TCGA-A2-A0CT-01A-31R-A056-07","BRCA.mRNA",0.1,2.977875,3.98691666666667
"TCGA-A2-A0CU-01A-12R-A034-07","BRCA.mRNA",0.535666666666667,2.26375,5.1325
"TCGA-A2-A0CV-01A-31R-A115-07","BRCA.mRNA",0.03925,1.992,3.63908333333333
"TCGA-A2-A0CW-01A-21R-A115-07","BRCA.mRNA",0.03125,1.543125,4.52616666666667
"TCGA-A2-A0CX-01A-21R-A00Z-07","BRCA.mRNA",-1.39066666666667,1.477875,-1.27158333333333
"TCGA-A2-A0CY-01A-12R-A034-07","BRCA.mRNA",-0.1515,0.043375,4.39041666666667
"TCGA-A2-A0CZ-01A-11R-A034-07","BRCA.mRNA",0.107,2.30575,1.66408333333333
"TCGA-A2-A0D0-01A-11R-A00Z-07","BRCA.mRNA",-1.51625,-2.202125,-4.62591666666667
"TCGA-A2-A0D1-01A-11R-A034-07","BRCA.mRNA",0.225,1.814625,-2.71908333333333
"TCGA-A2-A0D2-01A-21R-A034-07","BRCA.mRNA",0.1115,-1.291625,-2.594
"TCGA-A2-A0D3-01A-11R-A115-07","BRCA.mRNA",-1.31025,2.983875,3.19008333333333
"TCGA-A2-A0D4-01A-11R-A00Z-07","BRCA.mRNA",-1.07125,2.135,3.561
"TCGA-A2-A0EM-01A-11R-A034-07","BRCA.mRNA",1.86725,1.98825,4.16591666666667
"TCGA-A2-A0EN-01A-13R-A084-07","BRCA.mRNA",0.384,1.382875,3.43875
"TCGA-A2-A0EO-01A-11R-A034-07","BRCA.mRNA",0.16475,1.80525,3.257
"TCGA-A2-A0EQ-01A-11R-A034-07","BRCA.mRNA",0.85525,1.83425,0.112583333333333
"TCGA-A2-A0ER-01A-21R-A034-07","BRCA.mRNA",-0.768666666666667,2.947375,4.58658333333333
"TCGA-A2-A0ES-01A-11R-A115-07","BRCA.mRNA",-0.917,0.789,3.19025
"TCGA-A2-A0ET-01A-31R-A034-07","BRCA.mRNA",0.62775,2.793125,4.38608333333333
"TCGA-A2-A0EU-01A-22R-A056-07","BRCA.mRNA",0.2465,2.640375,4.44316666666667
"TCGA-A2-A0EV-01A-11R-A034-07","BRCA.mRNA",-0.643,1.71,3.99325
"TCGA-A2-A0EW-01A-21R-A115-07","BRCA.mRNA",-0.8945,1.552,3.55041666666667
"TCGA-A2-A0EX-01A-21R-A034-07","BRCA.mRNA",-0.7025,1.764625,2.30091666666667
"TCGA-A2-A0EY-01A-11R-A034-07","BRCA.mRNA",-0.486333333333333,1.220375,2.92958333333333
"TCGA-A2-A0ST-01A-12R-A084-07","BRCA.mRNA",0.536,-0.07625,0.621166666666667
"TCGA-A2-A0SU-01A-11R-A084-07","BRCA.mRNA",0.71575,2.825625,5.06233333333333
"TCGA-A2-A0SV-01A-11R-A084-07","BRCA.mRNA",0.69075,1.83325,1.88958333333333
"TCGA-A2-A0SW-01A-11R-A084-07","BRCA.mRNA",-0.60825,0.3605,3.46925
"TCGA-A2-A0SX-01A-12R-A084-07","BRCA.mRNA",-0.457,-1.734875,-1.14416666666667
"TCGA-A2-A0SY-01A-31R-A084-07","BRCA.mRNA",-0.7685,2.09175,3.865
"TCGA-A2-A0T0-01A-22R-A084-07","BRCA.mRNA",-0.609,0.342875,-2.00266666666667
"TCGA-A2-A0T1-01A-21R-A084-07","BRCA.mRNA",-0.49775,0.11025,-2.69541666666667
"TCGA-A2-A0T2-01A-11R-A084-07","BRCA.mRNA",-1.58875,0.164125,-2.88033333333333
"TCGA-A2-A0T3-01A-21R-A115-07","BRCA.mRNA",0.23775,2.118875,3.5905
"TCGA-A2-A0T4-01A-31R-A084-07","BRCA.mRNA",-0.476,2.364625,4.26783333333333
"TCGA-A2-A0T5-01A-21R-A084-07","BRCA.mRNA",-0.5825,1.94425,2.78641666666667
"TCGA-A2-A0T6-01A-11R-A084-07","BRCA.mRNA",0.2865,1.92775,2.07275
"TCGA-A2-A0T7-01A-21R-A084-07","BRCA.mRNA",-0.60875,1.703,1.6945
"TCGA-A2-A0YC-01A-11R-A109-07","BRCA.mRNA",0.78625,2.251375,4.37366666666667
"TCGA-A2-A0YD-01A-11R-A109-07","BRCA.mRNA",-0.9265,2.19425,3.93141666666667
"TCGA-A2-A0YE-01A-11R-A109-07","BRCA.mRNA",0.7445,-2.9355,-3.901
"TCGA-A2-A0YF-01A-21R-A109-07","BRCA.mRNA",0.90825,1.73025,5.55033333333333
"TCGA-A2-A0YG-01A-21R-A109-07","BRCA.mRNA",0.31625,1.4315,3.44833333333333
"TCGA-A2-A0YH-01A-11R-A109-07","BRCA.mRNA",0.1765,2.021875,3.74341666666667
"TCGA-A2-A0YI-01A-31R-A10J-07","BRCA.mRNA",0.85875,2.33425,4.53158333333333
"TCGA-A2-A0YJ-01A-11R-A109-07","BRCA.mRNA",0.92475,-4.565,-3.59008333333333
"TCGA-A2-A0YK-01A-22R-A109-07","BRCA.mRNA",-0.10025,1.426125,3.8335
"TCGA-A2-A0YL-01A-21R-A109-07","BRCA.mRNA",-1.525,1.97175,2.38058333333333
"TCGA-A2-A0YM-01A-11R-A109-07","BRCA.mRNA",-0.68225,-2.713,-2.92008333333333
"TCGA-A2-A0YT-01A-11R-A109-07","BRCA.mRNA",-0.12675,1.498125,3.87741666666667
"TCGA-A7-A0CD-01A-11R-A00Z-07","BRCA.mRNA",-1.36766666666667,3.138875,4.62858333333333
"TCGA-A7-A0CE-11A-21R-A089-07","BRCA.mRNA",0.29625,-0.000124999999999997,3.97575
"TCGA-A7-A0CE-01A-11R-A00Z-07","BRCA.mRNA",0.94125,-1.031,-1.10241666666667
"TCGA-A7-A0CG-01A-12R-A056-07","BRCA.mRNA",-0.07275,1.216,4.65275
"TCGA-A7-A0CH-11A-32R-A089-07","BRCA.mRNA",0.673,0.31875,3.15516666666667
"TCGA-A7-A0CH-01A-21R-A00Z-07","BRCA.mRNA",0.1205,2.484625,5.46758333333333
"TCGA-A7-A0CJ-01A-21R-A00Z-07","BRCA.mRNA",-0.28825,2.42025,4.66491666666667
"TCGA-A7-A0D9-11A-53R-A089-07","BRCA.mRNA",-0.3545,-3.25025,0.579083333333333
"TCGA-A7-A0D9-01A-31R-A056-07","BRCA.mRNA",0.0775,2.834875,3.28466666666667
"TCGA-A7-A0DA-01A-31R-A115-07","BRCA.mRNA",-1.1205,-1.06175,-3.34258333333333
"TCGA-A7-A0DB-11A-33R-A089-07","BRCA.mRNA",0.549,-3.86425,0.03225
"TCGA-A7-A0DB-01A-11R-A00Z-07","BRCA.mRNA",-0.261666666666667,1.926625,4.46308333333333
"TCGA-A7-A13D-01A-13R-A12P-07","BRCA.mRNA",-0.672,-1.74525,-3.038
"TCGA-A7-A13E-11A-61R-A12P-07","BRCA.mRNA",1.076,-0.42975,2.49125
"TCGA-A7-A13E-01A-11R-A12P-07","BRCA.mRNA",-0.7025,-4.3955,-1.0925
"TCGA-A7-A13F-11A-42R-A12P-07","BRCA.mRNA",-1.2305,-0.75225,0.352416666666667
"TCGA-A7-A13F-01A-11R-A12P-07","BRCA.mRNA",-1.34775,2.2625,2.84233333333333
"TCGA-A8-A06N-01A-12R-A056-07","BRCA.mRNA",1.04475,3.31925,5.61366666666667
"TCGA-A8-A06O-01A-11R-A00Z-07","BRCA.mRNA",-1.0715,0.788125,4.57983333333333
"TCGA-A8-A06P-01A-11R-A00Z-07","BRCA.mRNA",0.295,1.6045,3.09075
"TCGA-A8-A06Q-01A-11R-A034-07","BRCA.mRNA",-0.108,0.8905,3.48508333333333
"TCGA-A8-A06R-01A-11R-A00Z-07","BRCA.mRNA",-0.81775,1.100625,4.43058333333333
"TCGA-A8-A06T-01A-11R-A00Z-07","BRCA.mRNA",-0.806333333333333,2.375375,5.27391666666667
"TCGA-A8-A06U-01A-11R-A00Z-07","BRCA.mRNA",-0.32625,2.674125,4.33925
"TCGA-A8-A06X-01A-21R-A00Z-07","BRCA.mRNA",-0.05,3.715125,4.947
"TCGA-A8-A06Y-01A-21R-A00Z-07","BRCA.mRNA",0.72625,2.975125,5.25875
"TCGA-A8-A06Z-01A-11R-A00Z-07","BRCA.mRNA",-0.418,1.44025,4.4275
"TCGA-A8-A075-01A-11R-A084-07","BRCA.mRNA",0.3365,1.710625,1.47258333333333
"TCGA-A8-A076-01A-21R-A00Z-07","BRCA.mRNA",-0.284,1.62275,1.89566666666667
"TCGA-A8-A079-01A-21R-A00Z-07","BRCA.mRNA",0.67075,2.59625,5.36833333333333
"TCGA-A8-A07B-01A-11R-A00Z-07","BRCA.mRNA",0.27175,2.115375,3.03133333333333
"TCGA-A8-A07C-01A-11R-A034-07","BRCA.mRNA",-0.097,-4.39275,-3.456
"TCGA-A8-A07E-01A-11R-A034-07","BRCA.mRNA",-0.00650000000000002,1.210625,4.13566666666667
"TCGA-A8-A07F-01A-11R-A00Z-07","BRCA.mRNA",0.04675,1.926625,3.25716666666667
"TCGA-A8-A07G-01A-11R-A034-07","BRCA.mRNA",-0.1085,1.7355,4.65716666666667
"TCGA-A8-A07I-01A-11R-A00Z-07","BRCA.mRNA",-0.88525,1.544,3.97508333333333
"TCGA-A8-A07J-01A-11R-A00Z-07","BRCA.mRNA",-0.5515,2.47175,2.48816666666667
"TCGA-A8-A07L-01A-11R-A040-07","BRCA.mRNA",-0.17425,2.15475,5.78758333333333
"TCGA-A8-A07O-01A-11R-A00Z-07","BRCA.mRNA",0.64,-2.05,-1.67058333333333
"TCGA-A8-A07P-01A-11R-A00Z-07","BRCA.mRNA",0.674,1.136,4.75741666666667
"TCGA-A8-A07R-01A-21R-A034-07","BRCA.mRNA",-0.978,-0.931375,-4.41533333333333
"TCGA-A8-A07S-01A-11R-A034-07","BRCA.mRNA",-0.50825,2.733375,4.61841666666667
"TCGA-A8-A07U-01A-11R-A034-07","BRCA.mRNA",1.18825,-0.690625,-0.456666666666667
"TCGA-A8-A07W-01A-11R-A00Z-07","BRCA.mRNA",-0.17825,0.88925,5.12
"TCGA-A8-A07Z-01A-11R-A00Z-07","BRCA.mRNA",1.2015,3.146,4.397
"TCGA-A8-A081-01A-11R-A00Z-07","BRCA.mRNA",-0.19875,1.476875,4.81091666666667
"TCGA-A8-A082-01A-11R-A00Z-07","BRCA.mRNA",-0.61825,2.340375,3.53408333333333
"TCGA-A8-A083-01A-21R-A00Z-07","BRCA.mRNA",0.07325,3.867625,5.903
"TCGA-A8-A084-01A-21R-A00Z-07","BRCA.mRNA",0.65,2.325375,4.13025
"TCGA-A8-A085-01A-11R-A00Z-07","BRCA.mRNA",1.02875,2.07175,4.26625
"TCGA-A8-A086-01A-11R-A00Z-07","BRCA.mRNA",0.4935,1.814875,3.98041666666667
"TCGA-A8-A08A-01A-11R-A00Z-07","BRCA.mRNA",-0.81625,2.41475,4.51558333333333
"TCGA-A8-A08B-01A-11R-A00Z-07","BRCA.mRNA",-0.2615,2.15,2.43725
"TCGA-A8-A08C-01A-11R-A00Z-07","BRCA.mRNA",-1.2295,2.650125,5.09175
"TCGA-A8-A08F-01A-11R-A00Z-07","BRCA.mRNA",-0.83,1.50675,4.2345
"TCGA-A8-A08G-01A-11R-A00Z-07","BRCA.mRNA",0.01875,3.3445,4.48475
"TCGA-A8-A08H-01A-21R-A00Z-07","BRCA.mRNA",0.1725,-1.3665,2.27383333333333
"TCGA-A8-A08I-01A-11R-A00Z-07","BRCA.mRNA",0.50225,1.404625,5.25116666666667
"TCGA-A8-A08J-01A-11R-A00Z-07","BRCA.mRNA",-0.11675,2.34275,0.58725
"TCGA-A8-A08L-01A-11R-A00Z-07","BRCA.mRNA",-1.11175,0.88225,1.58833333333333
"TCGA-A8-A08O-01A-21R-A056-07","BRCA.mRNA",-0.84825,2.413375,2.84766666666667
"TCGA-A8-A08P-01A-11R-A00Z-07","BRCA.mRNA",-0.2515,0.919875,2.99541666666667
"TCGA-A8-A08R-01A-11R-A034-07","BRCA.mRNA",-0.3895,-3.77425,-2.972
"TCGA-A8-A08S-01A-11R-A034-07","BRCA.mRNA",0.55875,2.62875,4.60983333333333
"TCGA-A8-A08T-01A-21R-A00Z-07","BRCA.mRNA",0.45175,2.28425,4.20833333333333
"TCGA-A8-A08X-01A-21R-A00Z-07","BRCA.mRNA",0.1145,-1.908375,-1.59041666666667
"TCGA-A8-A08Z-01A-21R-A00Z-07","BRCA.mRNA",0.4225,2.436625,2.87291666666667
"TCGA-A8-A090-01A-11R-A00Z-07","BRCA.mRNA",-0.54225,2.420125,4.75333333333333
"TCGA-A8-A091-01A-11R-A00Z-07","BRCA.mRNA",0.98975,3.507375,4.4125
"TCGA-A8-A092-01A-11R-A00Z-07","BRCA.mRNA",-0.79525,1.57875,1.894
"TCGA-A8-A093-01A-11R-A00Z-07","BRCA.mRNA",-0.463,2.265,4.47925
"TCGA-A8-A094-01A-11R-A00Z-07","BRCA.mRNA",0.363,-0.40325,1.05741666666667
"TCGA-A8-A095-01A-11R-A00Z-07","BRCA.mRNA",0.480666666666667,2.12175,4.03775
"TCGA-A8-A096-01A-11R-A00Z-07","BRCA.mRNA",0.629,1.455,4.24816666666667
"TCGA-A8-A097-01A-11R-A034-07","BRCA.mRNA",0.299,1.271125,3.6665
"TCGA-A8-A099-01A-11R-A00Z-07","BRCA.mRNA",-0.5225,2.345125,5.339
"TCGA-A8-A09A-01A-11R-A00Z-07","BRCA.mRNA",0.142,2.356375,3.54441666666667
"TCGA-A8-A09B-01A-11R-A00Z-07","BRCA.mRNA",0.7955,2.38375,4.484
"TCGA-A8-A09C-01A-11R-A00Z-07","BRCA.mRNA",-1.46075,2.1285,4.634
"TCGA-A8-A09D-01A-11R-A00Z-07","BRCA.mRNA",-0.4105,2.2375,1.90508333333333
"TCGA-A8-A09E-01A-11R-A00Z-07","BRCA.mRNA",-0.4565,2.267,4.78641666666667
"TCGA-A8-A09G-01A-21R-A00Z-07","BRCA.mRNA",-0.56675,0.339125,-0.0699166666666667
"TCGA-A8-A09I-01A-22R-A034-07","BRCA.mRNA",-0.34,2.349625,3.04125
"TCGA-A8-A09K-01A-11R-A00Z-07","BRCA.mRNA",-1.16366666666667,3.49425,5.24433333333333
"TCGA-A8-A09M-01A-11R-A00Z-07","BRCA.mRNA",1.2175,0.92275,4.78391666666667
"TCGA-A8-A09N-01A-11R-A00Z-07","BRCA.mRNA",0.6015,2.12075,4.39425
"TCGA-A8-A09Q-01A-11R-A00Z-07","BRCA.mRNA",0.427,1.640375,4.78766666666667
"TCGA-A8-A09R-01A-11R-A00Z-07","BRCA.mRNA",0.23,1.9755,3.26066666666667
"TCGA-A8-A09T-01A-11R-A00Z-07","BRCA.mRNA",-1.19175,2.037625,3.839
"TCGA-A8-A09V-01A-11R-A034-07","BRCA.mRNA",-1.239,2.51825,3.74716666666667
"TCGA-A8-A09W-01A-11R-A00Z-07","BRCA.mRNA",0.40675,1.120125,3.39941666666667
"TCGA-A8-A09X-01A-11R-A00Z-07","BRCA.mRNA",-0.55175,0.006125,-2.10583333333333
"TCGA-A8-A09Z-01A-11R-A00Z-07","BRCA.mRNA",0.612666666666667,2.449875,4.00733333333333
"TCGA-A8-A0A1-01A-11R-A00Z-07","BRCA.mRNA",0.6355,2.705,4.92641666666667
"TCGA-A8-A0A2-01A-11R-A034-07","BRCA.mRNA",0.703,2.8435,4.87116666666667
"TCGA-A8-A0A4-01A-11R-A00Z-07","BRCA.mRNA",-0.72675,1.699125,3.37958333333333
"TCGA-A8-A0A6-01A-12R-A056-07","BRCA.mRNA",-0.8085,1.90475,2.52491666666667
"TCGA-A8-A0A7-01A-11R-A040-07","BRCA.mRNA",-0.1115,-1.107125,-1.39983333333333
"TCGA-A8-A0A9-01A-11R-A00Z-07","BRCA.mRNA",-0.493,1.9605,4.62866666666667
"TCGA-A8-A0AB-01A-11R-A034-07","BRCA.mRNA",-0.4955,2.494375,5.27958333333333
"TCGA-A8-A0AD-01A-11R-A056-07","BRCA.mRNA",-0.85325,1.520375,4.87691666666667
"TCGA-AN-A03X-01A-21R-A00Z-07","BRCA.mRNA",0.07575,1.69175,4.02208333333333
"TCGA-AN-A03Y-01A-21R-A00Z-07","BRCA.mRNA",-0.2135,3.0045,4.526
"TCGA-AN-A041-01A-11R-A034-07","BRCA.mRNA",0.3135,2.470625,3.28208333333333
"TCGA-AN-A046-01A-21R-A034-07","BRCA.mRNA",-1.1355,1.72375,4.57475
"TCGA-AN-A049-01A-21R-A00Z-07","BRCA.mRNA",0.651,2.16725,4.77666666666667
"TCGA-AN-A04A-01A-21R-A034-07","BRCA.mRNA",0.246,1.87125,2.67216666666667
"TCGA-AN-A04C-01A-21R-A034-07","BRCA.mRNA",0.51175,-0.16375,-0.113416666666667
"TCGA-AN-A04D-01A-21R-A034-07","BRCA.mRNA",-1.87875,-4.942875,-4.11025
"TCGA-AN-A0AJ-01A-11R-A00Z-07","BRCA.mRNA",-0.71925,1.624375,3.91625
"TCGA-AN-A0AK-01A-21R-A00Z-07","BRCA.mRNA",-0.83925,2.239125,3.86008333333333
"TCGA-AN-A0AL-01A-11R-A00Z-07","BRCA.mRNA",-0.99775,-1.5975,-3.01625
"TCGA-AN-A0AM-01A-11R-A034-07","BRCA.mRNA",-1.154,1.8045,4.60075
"TCGA-AN-A0AR-01A-11R-A00Z-07","BRCA.mRNA",-1.3755,0.363375,-2.32108333333333
"TCGA-AN-A0AS-01A-11R-A00Z-07","BRCA.mRNA",0.054,1.28725,2.422
"TCGA-AN-A0AT-01A-11R-A034-07","BRCA.mRNA",-0.23575,-3.624,-3.71841666666667
"TCGA-AN-A0FD-01A-11R-A034-07","BRCA.mRNA",-0.4805,2.69875,4.30483333333333
"TCGA-AN-A0FF-01A-11R-A034-07","BRCA.mRNA",1.15825,3.17075,3.01766666666667
"TCGA-AN-A0FJ-01A-11R-A00Z-07","BRCA.mRNA",0.402,-3.624625,-4.13025
"TCGA-AN-A0FK-01A-11R-A034-07","BRCA.mRNA",0.30775,2.371375,5.18733333333333
"TCGA-AN-A0FL-01A-11R-A034-07","BRCA.mRNA",-0.3655,0.268875,-3.57741666666667
"TCGA-AN-A0FN-01A-11R-A034-07","BRCA.mRNA",-0.5895,1.244625,2.98083333333333
"TCGA-AN-A0FS-01A-11R-A034-07","BRCA.mRNA",-1.15833333333333,2.316125,4.643
"TCGA-AN-A0FT-01A-11R-A034-07","BRCA.mRNA",0.27725,2.315,2.87941666666667
"TCGA-AN-A0FV-01A-11R-A00Z-07","BRCA.mRNA",-0.29275,1.188625,-1.21458333333333
"TCGA-AN-A0FW-01A-11R-A034-07","BRCA.mRNA",-0.87325,1.27475,4.3
"TCGA-AN-A0FX-01A-11R-A034-07","BRCA.mRNA",0.398,-1.868375,-0.447833333333333
"TCGA-AN-A0FY-01A-11R-A034-07","BRCA.mRNA",-1.13225,2.180125,4.01541666666667
"TCGA-AN-A0FZ-01A-11R-A034-07","BRCA.mRNA",0.416,2.37625,3.69791666666667
"TCGA-AN-A0G0-01A-11R-A034-07","BRCA.mRNA",-0.0106666666666667,-1.70975,-4.1725
"TCGA-AN-A0XL-01A-11R-A10J-07","BRCA.mRNA",-0.0675,2.046875,4.21075
"TCGA-AN-A0XN-01A-21R-A109-07","BRCA.mRNA",0.3985,0.86175,1.924
"TCGA-AN-A0XO-01A-11R-A109-07","BRCA.mRNA",0.639,1.6745,4.22175
"TCGA-AN-A0XP-01A-11R-A109-07","BRCA.mRNA",-1.022,2.569125,5.569
"TCGA-AN-A0XR-01A-11R-A109-07","BRCA.mRNA",-0.8665,2.277375,5.19058333333333
"TCGA-AN-A0XS-01A-22R-A109-07","BRCA.mRNA",0.35025,1.538375,4.04791666666667
"TCGA-AN-A0XT-01A-11R-A109-07","BRCA.mRNA",-0.61775,2.821375,5.67075
"TCGA-AN-A0XU-01A-11R-A109-07","BRCA.mRNA",-0.652,-2.235625,0.114416666666667
"TCGA-AN-A0XV-01A-11R-A109-07","BRCA.mRNA",0.97,2.401625,4.59366666666667
"TCGA-AN-A0XW-01A-11R-A109-07","BRCA.mRNA",0.6865,1.39775,2.18433333333333
"TCGA-AO-A03L-01A-41R-A056-07","BRCA.mRNA",-0.45425,1.7015,2.30958333333333
"TCGA-AO-A03M-01B-11R-A10J-07","BRCA.mRNA",-0.85825,2.329875,1.61691666666667
"TCGA-AO-A03N-01B-11R-A10J-07","BRCA.mRNA",0.89325,2.716375,2.2985
"TCGA-AO-A03O-01A-11R-A00Z-07","BRCA.mRNA",-0.4025,2.266,4.23791666666667
"TCGA-AO-A03P-01A-11R-A00Z-07","BRCA.mRNA",-0.7585,2.763375,4.40491666666667
"TCGA-AO-A03R-01A-21R-A034-07","BRCA.mRNA",-1.028,2.84425,3.81108333333333
"TCGA-AO-A03T-01A-21R-A034-07","BRCA.mRNA",-0.394333333333333,2.177375,2.38
"TCGA-AO-A03U-01B-21R-A10J-07","BRCA.mRNA",-0.21325,-0.996375,-1.60025
"TCGA-AO-A03V-01A-11R-A115-07","BRCA.mRNA",-0.9225,2.1805,2.59416666666667
"TCGA-AO-A0J2-01A-11R-A034-07","BRCA.mRNA",-0.50825,0.150625,-1.74525
"TCGA-AO-A0J3-01A-11R-A034-07","BRCA.mRNA",0.763,3.5125,4.86016666666667
"TCGA-AO-A0J4-01A-11R-A034-07","BRCA.mRNA",-0.2075,-3.02475,-3.17008333333333
"TCGA-AO-A0J5-01A-11R-A034-07","BRCA.mRNA",-0.270666666666667,3.149875,3.49725
"TCGA-AO-A0J6-01A-11R-A034-07","BRCA.mRNA",-0.31675,-0.578,-1.21266666666667
"TCGA-AO-A0J7-01A-11R-A034-07","BRCA.mRNA",0.062,2.46925,4.98875
"TCGA-AO-A0J8-01A-21R-A034-07","BRCA.mRNA",-0.25525,2.521625,4.39908333333333
"TCGA-AO-A0J9-01A-11R-A034-07","BRCA.mRNA",-0.43625,1.65825,3.15241666666667
"TCGA-AO-A0JA-01A-11R-A056-07","BRCA.mRNA",-0.43475,1.434375,3.05675
"TCGA-AO-A0JB-01A-11R-A056-07","BRCA.mRNA",-0.2715,2.069875,2.48008333333333
"TCGA-AO-A0JC-01A-11R-A056-07","BRCA.mRNA",-0.29425,0.783375,2.5715
"TCGA-AO-A0JD-01A-11R-A056-07","BRCA.mRNA",-0.1725,1.52525,3.41158333333333
"TCGA-AO-A0JE-01A-11R-A056-07","BRCA.mRNA",0.408,-0.547625,-1.7225
"TCGA-AO-A0JF-01A-11R-A056-07","BRCA.mRNA",-0.546,1.575875,3.73133333333333
"TCGA-AO-A0JG-01A-31R-A084-07","BRCA.mRNA",0.20675,3.765875,3.69633333333333
"TCGA-AO-A0JI-01A-21R-A056-07","BRCA.mRNA",-0.02075,2.972,4.77225
"TCGA-AO-A0JJ-01A-11R-A056-07","BRCA.mRNA",-0.52775,2.32575,4.3685
"TCGA-AO-A0JL-01A-11R-A056-07","BRCA.mRNA",-0.14525,-1.79525,-3.82863636363636
"TCGA-AO-A0JM-01A-21R-A056-07","BRCA.mRNA",0.41775,2.260625,2.04625
"TCGA-AO-A124-01A-11R-A10J-07","BRCA.mRNA",-0.07225,-1.76325,-4.56358333333333
"TCGA-AO-A125-01A-11R-A10J-07","BRCA.mRNA",0.5845,2.84325,5.24108333333333
"TCGA-AO-A126-01A-11R-A10J-07","BRCA.mRNA",0.44575,3.254,2.0705
"TCGA-AO-A128-01A-11R-A10J-07","BRCA.mRNA",0.57275,-2.92075,0.1615
"TCGA-AO-A129-01A-21R-A10J-07","BRCA.mRNA",-0.919,-0.21325,-1.25591666666667
"TCGA-AO-A12A-01A-21R-A115-07","BRCA.mRNA",0.49225,2.570375,3.11916666666667
"TCGA-AO-A12B-01A-11R-A10J-07","BRCA.mRNA",-0.1575,2.00225,6.11083333333333
"TCGA-AO-A12C-01A-11R-A10J-07","BRCA.mRNA",0.399,2.549125,2.67783333333333
"TCGA-AO-A12D-01A-11R-A115-07","BRCA.mRNA",0.54575,-1.1815,-1.0685
"TCGA-AO-A12E-01A-11R-A10J-07","BRCA.mRNA",0.461,1.8075,2.70758333333333
"TCGA-AO-A12F-01A-11R-A115-07","BRCA.mRNA",-0.95375,-0.192,-4.02666666666667
"TCGA-AO-A12G-01A-11R-A10J-07","BRCA.mRNA",-0.8095,1.686,4.15933333333333
"TCGA-AO-A12H-01A-11R-A115-07","BRCA.mRNA",-0.86975,3.395125,6.00108333333333
"TCGA-AQ-A04H-01B-11R-A10J-07","BRCA.mRNA",-0.4895,2.856,5.56141666666667
"TCGA-AQ-A04J-01A-02R-A034-07","BRCA.mRNA",-1.0555,-1.15875,-1.18633333333333
"TCGA-AQ-A04L-01B-21R-A10J-07","BRCA.mRNA",-0.8905,0.670625,1.92833333333333
"TCGA-AR-A0TP-01A-11R-A084-07","BRCA.mRNA",-1.021,-5.2445,-4.64716666666667
"TCGA-AR-A0TQ-01A-11R-A084-07","BRCA.mRNA",0.019,2.836875,2.15166666666667
"TCGA-AR-A0TR-01A-11R-A084-07","BRCA.mRNA",-0.834,2.9515,5.18466666666667
"TCGA-AR-A0TS-01A-11R-A115-07","BRCA.mRNA",-0.34875,-2.98025,-2.37908333333333
"TCGA-AR-A0TT-01A-31R-A084-07","BRCA.mRNA",0.306,2.474125,2.87625
"TCGA-AR-A0TU-01A-31R-A109-07","BRCA.mRNA",-0.73575,-0.71925,-0.406333333333333
"TCGA-AR-A0TV-01A-21R-A084-07","BRCA.mRNA",-0.7225,1.9925,5.921
"TCGA-AR-A0TW-01A-11R-A084-07","BRCA.mRNA",-0.52125,2.352375,2.375
"TCGA-AR-A0TX-01A-11R-A084-07","BRCA.mRNA",-0.83125,1.218875,-1.48925
"TCGA-AR-A0TY-01A-12R-A115-07","BRCA.mRNA",-0.8165,1.585625,4.39525
"TCGA-AR-A0TZ-01A-12R-A084-07","BRCA.mRNA",-1.066,3.293375,3.5585
"TCGA-AR-A0U0-01A-11R-A109-07","BRCA.mRNA",-0.1825,-3.10275,-3.20883333333333
"TCGA-AR-A0U2-01A-11R-A109-07","BRCA.mRNA",-0.11975,1.864375,2.33291666666667
"TCGA-AR-A0U3-01A-11R-A109-07","BRCA.mRNA",0.93975,2.77875,4.94308333333333
"TCGA-AR-A0U4-01A-11R-A109-07","BRCA.mRNA",0.279,-1.232125,-1.5095
"TCGA-AR-A1AH-01A-11R-A12D-07","BRCA.mRNA",-1.11525,-0.5285,-4.69925
"TCGA-AR-A1AI-01A-11R-A12P-07","BRCA.mRNA",-0.4815,-0.768,-0.205583333333333
"TCGA-AR-A1AJ-01A-21R-A12P-07","BRCA.mRNA",0.65025,-0.67325,-1.22208333333333
"TCGA-AR-A1AK-01A-21R-A12P-07","BRCA.mRNA",0.62725,1.66825,3.06733333333333
"TCGA-AR-A1AL-01A-21R-A12P-07","BRCA.mRNA",0.01225,1.38825,3.06183333333333
"TCGA-AR-A1AN-01A-11R-A12P-07","BRCA.mRNA",-0.00725000000000001,1.221875,2.84083333333333
"TCGA-AR-A1AO-01A-11R-A12P-07","BRCA.mRNA",-0.0115,-1.234375,-0.34
"TCGA-AR-A1AP-01A-11R-A12P-07","BRCA.mRNA",-1.2265,2.418875,3.641
"TCGA-AR-A1AQ-01A-11R-A12P-07","BRCA.mRNA",-0.1695,-0.40875,-1.56633333333333
"TCGA-AR-A1AR-01A-31R-A137-07","BRCA.mRNA",-0.274,-0.15525,-0.62475
"TCGA-AR-A1AS-01A-11R-A12P-07","BRCA.mRNA",-2.1795,1.72425,4.15225
"TCGA-AR-A1AT-01A-11R-A12P-07","BRCA.mRNA",0.13225,1.3145,1.43533333333333
"TCGA-AR-A1AU-01A-11R-A12P-07","BRCA.mRNA",1.122,1.35925,2.94041666666667
"TCGA-AR-A1AV-01A-21R-A12P-07","BRCA.mRNA",-0.4625,1.56525,3.24025
"TCGA-AR-A1AW-01A-21R-A12P-07","BRCA.mRNA",0.02625,1.564875,4.48275
"TCGA-AR-A1AX-01A-11R-A12P-07","BRCA.mRNA",0.05325,1.152375,2.63966666666667
"TCGA-AR-A1AY-01A-21R-A12P-07","BRCA.mRNA",0.67175,-2.38375,-0.937916666666667
"TCGA-B6-A0I2-01A-11R-A034-07","BRCA.mRNA",0.381333333333333,-2.087375,1.45391666666667
"TCGA-B6-A0I5-01A-11R-A034-07","BRCA.mRNA",-0.719,2.6605,2.62733333333333
"TCGA-B6-A0I6-01A-11R-A034-07","BRCA.mRNA",1.22733333333333,-3.80825,-3.56966666666667
"TCGA-B6-A0I8-01A-11R-A034-07","BRCA.mRNA",-0.4655,1.64125,2.50641666666667
"TCGA-B6-A0I9-01A-11R-A034-07","BRCA.mRNA",0.61575,1.898625,4.03466666666667
"TCGA-B6-A0IA-01A-11R-A034-07","BRCA.mRNA",0.10525,2.507,3.49133333333333
"TCGA-B6-A0IB-01A-11R-A034-07","BRCA.mRNA",0.012,2.52325,4.66558333333333
"TCGA-B6-A0IC-01A-11R-A034-07","BRCA.mRNA",-0.22375,2.378,5.18166666666667
"TCGA-B6-A0IE-01A-11R-A034-07","BRCA.mRNA",0.38125,1.360875,2.08425
"TCGA-B6-A0IG-01A-11R-A034-07","BRCA.mRNA",0.10825,2.597,3.3165
"TCGA-B6-A0IH-01A-11R-A115-07","BRCA.mRNA",-0.9145,2.538875,3.15675
"TCGA-B6-A0IJ-01A-11R-A034-07","BRCA.mRNA",1.21966666666667,-1.99325,-0.345333333333333
"TCGA-B6-A0IK-01A-12R-A056-07","BRCA.mRNA",-1.4255,-0.133125,-2.18083333333333
"TCGA-B6-A0IM-01A-11R-A034-07","BRCA.mRNA",-0.269,2.46625,4.98825
"TCGA-B6-A0IN-01A-11R-A034-07","BRCA.mRNA",-0.4135,1.104875,3.72958333333333
"TCGA-B6-A0IO-01A-11R-A034-07","BRCA.mRNA",-0.091,2.334125,5.31366666666667
"TCGA-B6-A0IP-01A-11R-A034-07","BRCA.mRNA",0.9695,2.14075,4.9665
"TCGA-B6-A0IQ-01A-11R-A034-07","BRCA.mRNA",0.5275,-0.547375,-3.69608333333333
"TCGA-B6-A0RE-01A-11R-A056-07","BRCA.mRNA",0.17,0.444875,-1.12166666666667
"TCGA-B6-A0RG-01A-11R-A056-07","BRCA.mRNA",-1.2785,3.111125,4.15408333333333
"TCGA-B6-A0RH-01A-21R-A115-07","BRCA.mRNA",-0.91775,2.1335,2.006
"TCGA-B6-A0RI-01A-11R-A056-07","BRCA.mRNA",0.12525,2.24575,3.91041666666667
"TCGA-B6-A0RL-01A-11R-A084-07","BRCA.mRNA",0.9845,3.48275,5.48458333333333
"TCGA-B6-A0RM-01A-11R-A084-07","BRCA.mRNA",-0.504,2.932,5.65091666666667
"TCGA-B6-A0RN-01A-12R-A084-07","BRCA.mRNA",0.35675,2.872,3.5475
"TCGA-B6-A0RO-01A-22R-A084-07","BRCA.mRNA",-0.7955,1.481625,4.76575
"TCGA-B6-A0RP-01A-21R-A084-07","BRCA.mRNA",0.624,2.205875,5.07025
"TCGA-B6-A0RQ-01A-11R-A115-07","BRCA.mRNA",-0.59575,1.463375,2.99591666666667
"TCGA-B6-A0RS-01A-11R-A084-07","BRCA.mRNA",-0.6495,0.942875,-3.60783333333333
"TCGA-B6-A0RT-01A-21R-A084-07","BRCA.mRNA",-0.058,-0.69175,-1.83325
"TCGA-B6-A0RU-01A-11R-A084-07","BRCA.mRNA",-0.36225,-1.36025,-0.53125
"TCGA-B6-A0RV-01A-11R-A084-07","BRCA.mRNA",-0.683,1.87475,4.50216666666667
"TCGA-B6-A0WS-01A-11R-A115-07","BRCA.mRNA",0.5075,2.615375,4.43725
"TCGA-B6-A0WT-01A-11R-A109-07","BRCA.mRNA",0.55925,1.897125,3.114
"TCGA-B6-A0WV-01A-11R-A109-07","BRCA.mRNA",0.709,2.64725,4.9255
"TCGA-B6-A0WW-01A-11R-A109-07","BRCA.mRNA",0.97525,1.886,4.709
"TCGA-B6-A0WX-01A-11R-A109-07","BRCA.mRNA",-0.63475,-1.38775,-2.741
"TCGA-B6-A0WY-01A-11R-A109-07","BRCA.mRNA",-0.4845,1.623875,2.10666666666667
"TCGA-B6-A0WZ-01A-11R-A109-07","BRCA.mRNA",-0.089,2.0375,4.262
"TCGA-B6-A0X0-01A-21R-A115-07","BRCA.mRNA",0.23775,2.5735,3.30975
"TCGA-B6-A0X1-01A-11R-A109-07","BRCA.mRNA",0.921,-0.7675,0.7505
"TCGA-B6-A0X4-01A-11R-A109-07","BRCA.mRNA",-0.614,2.653625,4.25466666666667
"TCGA-B6-A0X5-01A-21R-A109-07","BRCA.mRNA",-0.60125,1.903,4.76058333333333
"TCGA-B6-A0X7-01A-11R-A10J-07","BRCA.mRNA",0.35025,2.9905,3.7495
"TCGA-BH-A0AU-11A-11R-A12P-07","BRCA.mRNA",-0.24875,0.117625,2.63766666666667
"TCGA-BH-A0AU-01A-11R-A12P-07","BRCA.mRNA",-0.02825,1.532875,3.4255
"TCGA-BH-A0AV-01A-31R-A115-07","BRCA.mRNA",-1.64375,-3.81625,-3.60883333333333
"TCGA-BH-A0AW-01A-11R-A056-07","BRCA.mRNA",0.179,0.4635,-0.598583333333333
"TCGA-BH-A0AY-11A-23R-A089-07","BRCA.mRNA",-0.38975,0.442125,3.41675
"TCGA-BH-A0AY-01A-21R-A00Z-07","BRCA.mRNA",-0.41975,2.022125,2.68983333333333
"TCGA-BH-A0AZ-01A-21R-A12P-07","BRCA.mRNA",-0.360666666666667,2.44675,2.28466666666667
"TCGA-BH-A0B0-01A-21R-A115-07","BRCA.mRNA",-0.984,2.397375,2.85608333333333
"TCGA-BH-A0B1-01A-12R-A056-07","BRCA.mRNA",0.679,2.068625,4.24675
"TCGA-BH-A0B3-11B-21R-A089-07","BRCA.mRNA",-0.7405,1.576875,3.55033333333333
"TCGA-BH-A0B3-01A-11R-A056-07","BRCA.mRNA",-0.675,-0.138,-1.63091666666667
"TCGA-BH-A0B4-01A-11R-A00Z-07","BRCA.mRNA",-1.057,1.86375,3.65433333333333
"TCGA-BH-A0B5-11A-23R-A12P-07","BRCA.mRNA",0.68,-3.234625,-0.422666666666667
"TCGA-BH-A0B5-01A-11R-A12P-07","BRCA.mRNA",-0.56825,2.021625,2.35958333333333
"TCGA-BH-A0B7-11A-34R-A115-07","BRCA.mRNA",-0.583,-0.337625,2.32525
"TCGA-BH-A0B7-01A-12R-A115-07","BRCA.mRNA",-0.2845,0.64825,-2.40875
"TCGA-BH-A0B8-11A-41R-A089-07","BRCA.mRNA",-0.26075,-2.31625,0.426666666666667
"TCGA-BH-A0B8-01A-21R-A056-07","BRCA.mRNA",0.67575,2.630375,4.94616666666667
"TCGA-BH-A0B9-01A-11R-A056-07","BRCA.mRNA",-1.1055,-2.58225,-3.23975
"TCGA-BH-A0BA-11A-22R-A089-07","BRCA.mRNA",0.1845,0.0645,2.92408333333333
"TCGA-BH-A0BA-01A-11R-A056-07","BRCA.mRNA",-1.09775,2.29875,3.5515
"TCGA-BH-A0BC-11A-22R-A089-07","BRCA.mRNA",-0.0375,-0.496375,2.31741666666667
"TCGA-BH-A0BC-01A-22R-A084-07","BRCA.mRNA",0.51725,1.828375,4.50883333333333
"TCGA-BH-A0BD-01A-11R-A034-07","BRCA.mRNA",-0.09675,2.478125,2.88883333333333
"TCGA-BH-A0BF-01A-21R-A12P-07","BRCA.mRNA",-0.20275,1.227125,1.29725
"TCGA-BH-A0BG-01A-11R-A115-07","BRCA.mRNA",1.11125,-2.0325,-2.72033333333333
"TCGA-BH-A0BJ-11A-23R-A089-07","BRCA.mRNA",0.338333333333333,1.008,1.392
"TCGA-BH-A0BJ-01A-11R-A056-07","BRCA.mRNA",-0.21425,2.17125,2.90333333333333
"TCGA-BH-A0BL-01A-11R-A115-07","BRCA.mRNA",-1.24975,-0.282,-1.89841666666667
"TCGA-BH-A0BM-11A-12R-A089-07","BRCA.mRNA",-0.384,1.28425,2.88808333333333
"TCGA-BH-A0BM-01A-11R-A056-07","BRCA.mRNA",-0.842666666666667,2.48625,3.01875
"TCGA-BH-A0BO-01A-23R-A12D-07","BRCA.mRNA",-0.667,0.183625,3.90575
"TCGA-BH-A0BP-01A-11R-A115-07","BRCA.mRNA",-1.55025,1.10275,4.239
"TCGA-BH-A0BQ-11A-33R-A115-07","BRCA.mRNA",0.0495,0.511875,1.24416666666667
"TCGA-BH-A0BQ-01A-21R-A115-07","BRCA.mRNA",0.17475,2.26775,2.93633333333333
"TCGA-BH-A0BR-01A-21R-A115-07","BRCA.mRNA",-0.72325,1.592375,1.05483333333333
"TCGA-BH-A0BS-11A-11R-A12P-07","BRCA.mRNA",-0.880333333333333,0.92125,2.84216666666667
"TCGA-BH-A0BS-01A-11R-A12P-07","BRCA.mRNA",0.77825,2.069125,3.34025
"TCGA-BH-A0BT-01A-11R-A12P-07","BRCA.mRNA",-1.27566666666667,2.49675,5.00691666666667
"TCGA-BH-A0BV-11A-31R-A089-07","BRCA.mRNA",-0.419,1.251875,2.35591666666667
"TCGA-BH-A0BV-01A-11R-A00Z-07","BRCA.mRNA",-0.9685,2.27675,4.5025
"TCGA-BH-A0BW-11A-12R-A115-07","BRCA.mRNA",0.12325,-0.236375,1.4995
"TCGA-BH-A0BW-01A-11R-A115-07","BRCA.mRNA",-0.59625,-1.131375,-0.699
"TCGA-BH-A0BZ-11A-61R-A12P-07","BRCA.mRNA",-0.4015,0.26675,2.79958333333333
"TCGA-BH-A0BZ-01A-31R-A12P-07","BRCA.mRNA",-0.7205,0.64625,3.02866666666667
"TCGA-BH-A0C0-11A-21R-A089-07","BRCA.mRNA",-0.0425,0.8315,3.46266666666667
"TCGA-BH-A0C0-01A-21R-A056-07","BRCA.mRNA",-0.66325,2.249875,3.93658333333333
"TCGA-BH-A0C1-01B-11R-A12D-07","BRCA.mRNA",-0.0585,2.009875,3.13541666666667
"TCGA-BH-A0C3-11A-23R-A12P-07","BRCA.mRNA",-0.11525,-0.16525,1.87725
"TCGA-BH-A0C3-01A-21R-A12P-07","BRCA.mRNA",-0.235,-0.572125,2.40116666666667
"TCGA-BH-A0C7-01B-11R-A115-07","BRCA.mRNA",-0.5395,2.596125,4.73575
"TCGA-BH-A0DD-11A-23R-A12P-07","BRCA.mRNA",0.95825,-3.3595,0.655
"TCGA-BH-A0DD-01A-31R-A12P-07","BRCA.mRNA",0.8265,2.394,4.31216666666667
"TCGA-BH-A0DE-01A-11R-A115-07","BRCA.mRNA",0.472,1.4705,3.40125
"TCGA-BH-A0DG-01A-21R-A12P-07","BRCA.mRNA",-1.222,1.63175,2.64091666666667
"TCGA-BH-A0DH-11A-31R-A089-07","BRCA.mRNA",0.148,0.20275,3.10316666666667
"TCGA-BH-A0DH-01A-11R-A084-07","BRCA.mRNA",0.70925,2.3195,3.8235
"TCGA-BH-A0DI-01A-21R-A12P-07","BRCA.mRNA",-0.5625,1.21325,2.24608333333333
"TCGA-BH-A0DK-11A-13R-A089-07","BRCA.mRNA",0.142,0.537875,2.71258333333333
"TCGA-BH-A0DK-01A-21R-A056-07","BRCA.mRNA",0.5145,2.305375,3.0485
"TCGA-BH-A0DL-11A-13R-A115-07","BRCA.mRNA",-1.0945,0.6205,2.32183333333333
"TCGA-BH-A0DL-01A-11R-A115-07","BRCA.mRNA",-0.94025,-0.7945,1.35441666666667
"TCGA-BH-A0DO-11A-22R-A12D-07","BRCA.mRNA",-0.3535,0.43975,2.55483333333333
"TCGA-BH-A0DO-01B-11R-A12D-07","BRCA.mRNA",0.38225,1.71375,4.995
"TCGA-BH-A0DP-11A-12R-A089-07","BRCA.mRNA",-0.3345,1.055,3.52525
"TCGA-BH-A0DP-01A-21R-A056-07","BRCA.mRNA",-0.80175,2.539375,4.15366666666667
"TCGA-BH-A0DQ-11A-12R-A089-07","BRCA.mRNA",-0.42875,0.483375,2.56633333333333
"TCGA-BH-A0DQ-01A-11R-A084-07","BRCA.mRNA",-0.35575,2.199625,3.04483333333333
"TCGA-BH-A0DS-01A-11R-A056-07","BRCA.mRNA",-0.46875,2.237125,3.82483333333333
"TCGA-BH-A0DT-11A-12R-A12D-07","BRCA.mRNA",1.20475,0.305125,2.48733333333333
"TCGA-BH-A0DT-01A-21R-A12D-07","BRCA.mRNA",1.085,2.142125,3.25566666666667
"TCGA-BH-A0DV-11A-22R-A12P-07","BRCA.mRNA",-0.8585,0.52825,1.2165
"TCGA-BH-A0DX-01A-11R-A115-07","BRCA.mRNA",-0.3595,2.023625,4.54691666666667
"TCGA-BH-A0DZ-11A-22R-A089-07","BRCA.mRNA",-0.000500000000000001,0.551,1.18808333333333
"TCGA-BH-A0DZ-01A-11R-A00Z-07","BRCA.mRNA",0.05925,1.416875,1.2625
"TCGA-BH-A0E0-11A-13R-A089-07","BRCA.mRNA",-0.90875,0.85425,1.4925
"TCGA-BH-A0E0-01A-11R-A056-07","BRCA.mRNA",-0.381,0.583,-1.96883333333333
"TCGA-BH-A0E1-11A-13R-A089-07","BRCA.mRNA",-0.61875,0.503375,2.06083333333333
"TCGA-BH-A0E1-01A-11R-A056-07","BRCA.mRNA",-0.9275,1.97975,3.601
"TCGA-BH-A0E2-01A-11R-A056-07","BRCA.mRNA",-0.9275,2.968375,3.37425
"TCGA-BH-A0E6-01A-11R-A034-07","BRCA.mRNA",-0.191,0.37475,-0.621
"TCGA-BH-A0E7-01A-11R-A034-07","BRCA.mRNA",0.22075,2.4945,4.83825
"TCGA-BH-A0E9-01B-11R-A115-07","BRCA.mRNA",-0.913,2.481125,4.3205
"TCGA-BH-A0EA-01A-11R-A115-07","BRCA.mRNA",1.213,3.87625,3.70991666666667
"TCGA-BH-A0EB-01A-11R-A034-07","BRCA.mRNA",0.64975,2.523375,5.12925
"TCGA-BH-A0EE-01A-11R-A034-07","BRCA.mRNA",-0.0785,-1.164625,-0.954166666666667
"TCGA-BH-A0EI-01A-11R-A115-07","BRCA.mRNA",0.16575,2.871375,3.38208333333333
"TCGA-BH-A0GY-01A-11R-A056-07","BRCA.mRNA",0.3365,1.823125,2.41125
"TCGA-BH-A0GZ-01A-11R-A056-07","BRCA.mRNA",-0.637,2.162,4.69691666666667
"TCGA-BH-A0H0-01A-11R-A056-07","BRCA.mRNA",-0.24175,2.64125,3.92033333333333
"TCGA-BH-A0H3-01A-11R-A12P-07","BRCA.mRNA",0.203,2.68275,2.11283333333333
"TCGA-BH-A0H5-11A-62R-A115-07","BRCA.mRNA",-1.552,1.23,2.78041666666667
"TCGA-BH-A0H5-01A-21R-A115-07","BRCA.mRNA",-1.23725,1.54275,3.17866666666667
"TCGA-BH-A0H6-01A-21R-A056-07","BRCA.mRNA",-1.058,1.663375,3.83758333333333
"TCGA-BH-A0H7-11A-13R-A089-07","BRCA.mRNA",0.05175,0.59875,3.44408333333333
"TCGA-BH-A0H7-01A-13R-A056-07","BRCA.mRNA",-0.42825,1.187375,3.13308333333333
"TCGA-BH-A0H9-11A-22R-A089-07","BRCA.mRNA",-0.34975,-3.08825,0.644
"TCGA-BH-A0H9-01A-11R-A056-07","BRCA.mRNA",-0.41525,2.389125,4.28891666666667
"TCGA-BH-A0HA-11A-31R-A12P-07","BRCA.mRNA",-0.68975,0.35775,2.47916666666667
"TCGA-BH-A0HA-01A-11R-A12P-07","BRCA.mRNA",1.69775,2.64875,2.89841666666667
"TCGA-BH-A0HB-01A-11R-A056-07","BRCA.mRNA",0.455333333333333,2.0645,5.12566666666667
"TCGA-BH-A0HF-01A-11R-A056-07","BRCA.mRNA",-0.97425,1.811875,4.35558333333333
"TCGA-BH-A0HI-01A-11R-A084-07","BRCA.mRNA",-0.9565,2.14075,4.92508333333333
"TCGA-BH-A0HK-11A-11R-A089-07","BRCA.mRNA",-0.61675,0.516,2.95158333333333
"TCGA-BH-A0HK-01A-11R-A056-07","BRCA.mRNA",-1.04425,2.50575,3.7835
"TCGA-BH-A0HO-01A-11R-A034-07","BRCA.mRNA",0.05,1.487125,3.28316666666667
"TCGA-BH-A0HP-01A-12R-A084-07","BRCA.mRNA",-0.427,2.089375,4.02591666666667
"TCGA-BH-A0HQ-01A-11R-A034-07","BRCA.mRNA",-0.2655,2.010375,4.43225
"TCGA-BH-A0HU-01A-11R-A034-07","BRCA.mRNA",-0.735333333333334,1.296375,3.37541666666667
"TCGA-BH-A0HW-01A-11R-A034-07","BRCA.mRNA",0.352,2.47925,5.04133333333333
"TCGA-BH-A0HX-01A-21R-A056-07","BRCA.mRNA",-0.6335,2.279375,3.46758333333333
"TCGA-BH-A0HY-01A-11R-A056-07","BRCA.mRNA",-0.80175,1.207625,3.41191666666667
"TCGA-BH-A0RX-01A-21R-A084-07","BRCA.mRNA",-0.06475,0.0315,0.187
"TCGA-BH-A0W3-01A-11R-A109-07","BRCA.mRNA",0.61425,1.984125,5.3045
"TCGA-BH-A0W4-01A-11R-A109-07","BRCA.mRNA",-1.05775,2.77425,2.69733333333333
"TCGA-BH-A0W5-01A-11R-A109-07","BRCA.mRNA",0.5015,1.7285,4.13025
"TCGA-BH-A0W7-01A-11R-A115-07","BRCA.mRNA",-0.91,1.70625,2.03983333333333
"TCGA-BH-A0WA-01A-11R-A109-07","BRCA.mRNA",-0.49125,-3.226625,-3.3465
"TCGA-BH-A18F-01A-11R-A12D-07","BRCA.mRNA",0.90375,1.614625,2.48508333333333
"TCGA-BH-A18G-01A-11R-A12D-07","BRCA.mRNA",-0.795,0.6325,-2.58191666666667
"TCGA-BH-A18H-01A-11R-A12D-07","BRCA.mRNA",-0.63775,1.290875,4.06541666666667
"TCGA-BH-A18I-01A-11R-A12D-07","BRCA.mRNA",-0.62225,2.5085,3.0855
"TCGA-BH-A18J-11A-31R-A12D-07","BRCA.mRNA",-0.390333333333333,-0.3555,1.38741666666667
"TCGA-BH-A18J-01A-11R-A12D-07","BRCA.mRNA",0.11275,2.249125,2.61433333333333
"TCGA-BH-A18K-11A-13R-A12D-07","BRCA.mRNA",0.3485,0.966875,1.66091666666667
"TCGA-BH-A18K-01A-11R-A12D-07","BRCA.mRNA",0.4505,-1.011875,-1.54441666666667
"TCGA-BH-A18L-11A-42R-A12D-07","BRCA.mRNA",0.41725,0.769875,3.41433333333333
"TCGA-BH-A18L-01A-32R-A12D-07","BRCA.mRNA",-0.747,1.34175,4.23408333333333
"TCGA-BH-A18M-11A-33R-A12D-07","BRCA.mRNA",-0.6795,0.13775,2.13925
"TCGA-BH-A18M-01A-11R-A12D-07","BRCA.mRNA",-0.21675,1.00375,3.039
"TCGA-BH-A18N-11A-43R-A12D-07","BRCA.mRNA",-0.626,0.404125,3.33941666666667
"TCGA-BH-A18N-01A-11R-A12D-07","BRCA.mRNA",1,2.01125,5.36991666666667
"TCGA-BH-A18P-11A-43R-A12D-07","BRCA.mRNA",-0.328,0.222125,2.0235
"TCGA-BH-A18P-01A-11R-A12D-07","BRCA.mRNA",-0.2955,2.051125,1.46108333333333
"TCGA-BH-A18Q-11A-34R-A12D-07","BRCA.mRNA",-0.8595,1.215625,2.68266666666667
"TCGA-BH-A18Q-01A-12R-A12D-07","BRCA.mRNA",-0.03975,-1.48875,-2.04833333333333
"TCGA-BH-A18R-11A-42R-A12D-07","BRCA.mRNA",-0.59725,0.0855,3.11925
"TCGA-BH-A18R-01A-11R-A12D-07","BRCA.mRNA",-0.26575,2.276125,0.502
"TCGA-BH-A18S-11A-43R-A12D-07","BRCA.mRNA",0.20525,-0.015625,2.90725
"TCGA-BH-A18S-01A-11R-A12D-07","BRCA.mRNA",0.77075,2.751875,4.58083333333333
"TCGA-BH-A18T-01A-11R-A12D-07","BRCA.mRNA",0.06975,1.932625,3.00158333333333
"TCGA-BH-A18U-11A-23R-A12D-07","BRCA.mRNA",0.584,0.03125,3.03416666666667
"TCGA-BH-A18U-01A-21R-A12D-07","BRCA.mRNA",0.42975,1.67825,3.47975
"TCGA-BH-A18V-11A-52R-A12D-07","BRCA.mRNA",-0.69925,0.365375,1.689
"TCGA-BH-A18V-01A-11R-A12D-07","BRCA.mRNA",-0.296,-2.178875,-1.49291666666667
"TCGA-BH-A1EO-11A-31R-A137-07","BRCA.mRNA",0.21525,-3.446625,-0.474583333333333
"TCGA-BH-A1EO-01A-11R-A137-07","BRCA.mRNA",-0.17975,1.39125,3.734
"TCGA-BH-A1ES-01A-11R-A137-07","BRCA.mRNA",-0.41875,2.237125,3.58525
"TCGA-BH-A1ET-11B-23R-A137-07","BRCA.mRNA",-0.12225,0.657375,2.23333333333333
"TCGA-BH-A1ET-01A-11R-A137-07","BRCA.mRNA",-0.5745,2.574375,4.73833333333333
"TCGA-BH-A1EU-11A-23R-A137-07","BRCA.mRNA",-1.317,0.01,2.9355
"TCGA-BH-A1EU-01A-11R-A137-07","BRCA.mRNA",0.46,1.529875,4.55716666666667
"TCGA-BH-A1EV-01A-11R-A137-07","BRCA.mRNA",-0.03175,1.9105,2.87133333333333
"TCGA-BH-A1EW-11B-33R-A137-07","BRCA.mRNA",-0.771,0.3135,3.11566666666667
"TCGA-BH-A1EW-01A-11R-A137-07","BRCA.mRNA",-0.2655,1.51075,2.85058333333333
"TCGA-BH-A1F0-11B-23R-A137-07","BRCA.mRNA",-0.815,0.2335,2.37425
"TCGA-BH-A1F0-01A-11R-A137-07","BRCA.mRNA",-0.7355,-2.970125,-1.65875
"TCGA-C8-A12K-01A-21R-A115-07","BRCA.mRNA",-0.5025,-1.502625,0.637666666666667
"TCGA-C8-A12L-01A-11R-A115-07","BRCA.mRNA",-0.67675,-0.696875,-0.8125
"TCGA-C8-A12M-01A-11R-A115-07","BRCA.mRNA",0.7655,3.4275,5.08916666666667
"TCGA-C8-A12N-01A-11R-A115-07","BRCA.mRNA",-1.508,2.95175,3.86333333333333
"TCGA-C8-A12O-01A-11R-A115-07","BRCA.mRNA",0.3995,0.19925,2.93733333333333
"TCGA-C8-A12P-01A-11R-A115-07","BRCA.mRNA",0.404,-3.538125,-3.06258333333333
"TCGA-C8-A12Q-01A-11R-A115-07","BRCA.mRNA",0.0855,0.361,-0.833
"TCGA-C8-A12T-01A-11R-A115-07","BRCA.mRNA",-1.246,1.99325,1.85425
"TCGA-C8-A12U-01A-11R-A115-07","BRCA.mRNA",-0.18525,2.425125,2.423
"TCGA-C8-A12V-01A-11R-A115-07","BRCA.mRNA",0.46525,-1.074875,-1.13358333333333
"TCGA-C8-A12W-01A-11R-A115-07","BRCA.mRNA",0.28925,2.067875,2.54733333333333
"TCGA-C8-A12X-01A-11R-A115-07","BRCA.mRNA",-0.22725,3.001875,4.42533333333333
"TCGA-C8-A12Y-01A-11R-A12D-07","BRCA.mRNA",-0.656,1.836375,3.20291666666667
"TCGA-C8-A12Z-01A-11R-A115-07","BRCA.mRNA",0.16975,1.090125,-2.80033333333333
"TCGA-C8-A130-01A-31R-A115-07","BRCA.mRNA",0.2065,1.045875,2.82866666666667
"TCGA-C8-A131-01A-11R-A115-07","BRCA.mRNA",0.9245,-0.70025,-2.55533333333333
"TCGA-C8-A132-01A-31R-A115-07","BRCA.mRNA",-0.279,1.505625,4.09816666666667
"TCGA-C8-A133-01A-32R-A12D-07","BRCA.mRNA",-0.31325,2.975375,3.94991666666667
"TCGA-C8-A134-01A-11R-A115-07","BRCA.mRNA",-0.7265,-1.124,-2.39008333333333
"TCGA-C8-A135-01A-11R-A115-07","BRCA.mRNA",0.08925,-0.359375,-2.53816666666667
"TCGA-C8-A137-01A-11R-A115-07","BRCA.mRNA",-0.5455,1.673,-0.809
"TCGA-C8-A138-01A-11R-A115-07","BRCA.mRNA",-0.445666666666667,2.19025,0.636583333333333
"TCGA-C8-A1HF-01A-11R-A137-07","BRCA.mRNA",-0.71025,1.233875,0.941166666666667
"TCGA-C8-A1HG-01A-11R-A137-07","BRCA.mRNA",-0.29125,1.006375,3.75175
"TCGA-C8-A1HI-01A-11R-A137-07","BRCA.mRNA",0.418,2.051,3.10233333333333
"TCGA-C8-A1HL-01A-11R-A137-07","BRCA.mRNA",0.33775,1.687,2.12591666666667
"TCGA-C8-A1HM-01A-12R-A137-07","BRCA.mRNA",0.411,1.837,4.85333333333333
"TCGA-C8-A1HN-01A-11R-A137-07","BRCA.mRNA",0.802,2.455625,4.80333333333333
"TCGA-D8-A13Y-01A-11R-A115-07","BRCA.mRNA",0.67075,-1.038625,2.54783333333333
"TCGA-D8-A13Z-01A-11R-A115-07","BRCA.mRNA",-0.0615,-3.908875,-2.90616666666667
"TCGA-D8-A140-01A-11R-A115-07","BRCA.mRNA",-0.863,2.718875,4.19991666666667
"TCGA-D8-A141-01A-11R-A115-07","BRCA.mRNA",-0.8255,1.586125,2.77408333333333
"TCGA-D8-A142-01A-11R-A115-07","BRCA.mRNA",0.99525,-1.39225,-2.38608333333333
"TCGA-D8-A143-01A-11R-A115-07","BRCA.mRNA",-0.78375,-2.502375,-3.8335
"TCGA-D8-A145-01A-11R-A115-07","BRCA.mRNA",-0.701,2.379875,4.14608333333333
"TCGA-D8-A146-01A-31R-A115-07","BRCA.mRNA",0.4805,2.232625,4.77975
"TCGA-D8-A147-01A-11R-A115-07","BRCA.mRNA",-0.11075,-3.499625,-3.26975
"TCGA-E2-A105-01A-11R-A10J-07","BRCA.mRNA",-0.805,2.419,5.44366666666667
"TCGA-E2-A106-01A-11R-A10J-07","BRCA.mRNA",-0.48725,2.394,4.41558333333333
"TCGA-E2-A107-01A-11R-A10J-07","BRCA.mRNA",-0.59925,2.38775,4.21583333333333
"TCGA-E2-A108-01A-13R-A10J-07","BRCA.mRNA",-0.68725,1.02575,2.0405
"TCGA-E2-A109-01A-11R-A10J-07","BRCA.mRNA",-0.457,1.81625,4.34508333333333
"TCGA-E2-A10A-01A-21R-A115-07","BRCA.mRNA",-0.615,3.546125,4.09683333333333
"TCGA-E2-A10B-01A-11R-A10J-07","BRCA.mRNA",0.05575,2.722375,4.62291666666667
"TCGA-E2-A10C-01A-21R-A10J-07","BRCA.mRNA",-0.185,1.787375,4.2255
"TCGA-E2-A10E-01A-21R-A10J-07","BRCA.mRNA",0.70375,3.1135,5.31316666666667
"TCGA-E2-A10F-01A-11R-A10J-07","BRCA.mRNA",-0.3055,2.313125,3.17416666666667
"TCGA-E2-A14N-01A-31R-A137-07","BRCA.mRNA",-0.97875,0.4115,-3.474
"TCGA-E2-A14O-01A-31R-A115-07","BRCA.mRNA",0.07,1.90875,4.36725
"TCGA-E2-A14P-01A-31R-A12D-07","BRCA.mRNA",-1.5705,0.358375,-2.43241666666667
"TCGA-E2-A14Q-01A-11R-A12D-07","BRCA.mRNA",-0.93725,2.859125,5.16191666666667
"TCGA-E2-A14R-01A-11R-A115-07","BRCA.mRNA",-0.35025,-2.518125,-3.62933333333333
"TCGA-E2-A14S-01A-11R-A12D-07","BRCA.mRNA",-0.78525,2.626875,5.13716666666667
"TCGA-E2-A14T-01A-11R-A115-07","BRCA.mRNA",0.041,2.690375,4.01366666666667
"TCGA-E2-A14V-01A-11R-A12D-07","BRCA.mRNA",-0.7605,1.543125,1.75975
"TCGA-E2-A14W-01A-11R-A12D-07","BRCA.mRNA",-0.0446666666666667,1.998375,3.7035
"TCGA-E2-A14X-01A-11R-A115-07","BRCA.mRNA",-0.777,-2.527,-0.933416666666667
"TCGA-E2-A14Y-01A-21R-A12D-07","BRCA.mRNA",-0.34875,-2.204875,-1.30558333333333
"TCGA-E2-A14Z-01A-11R-A115-07","BRCA.mRNA",-0.29775,2.57,3.50316666666667
"TCGA-E2-A150-01A-11R-A12D-07","BRCA.mRNA",-0.6215,-0.4445,-2.53141666666667
"TCGA-E2-A152-01A-11R-A12D-07","BRCA.mRNA",-2.34633333333333,1.3415,-0.3725
"TCGA-E2-A153-11A-31R-A12D-07","BRCA.mRNA",0.691,-0.192875,-0.799416666666667
"TCGA-E2-A153-01A-12R-A12D-07","BRCA.mRNA",0.40625,1.361625,2.64133333333333
"TCGA-E2-A154-01A-11R-A115-07","BRCA.mRNA",-1.43733333333333,2.954125,4.54516666666667
"TCGA-E2-A155-01A-11R-A12D-07","BRCA.mRNA",-0.78225,3.496625,4.58125
"TCGA-E2-A156-01A-11R-A12D-07","BRCA.mRNA",-0.32675,2.618625,5.60766666666667
"TCGA-E2-A158-11A-22R-A12D-07","BRCA.mRNA",-0.561,-3.894625,0.447083333333333
"TCGA-E2-A158-01A-11R-A12D-07","BRCA.mRNA",-0.68375,-2.852375,-4.19175
"TCGA-E2-A159-01A-11R-A115-07","BRCA.mRNA",-1.018,-0.957,-1.39083333333333
"TCGA-E2-A15A-06A-11R-A12D-07","BRCA.mRNA",-1.01725,1.0205,2.40475
"TCGA-E2-A15A-01A-11R-A12D-07","BRCA.mRNA",-0.71975,1.242125,2.748
"TCGA-E2-A15C-01A-31R-A12D-07","BRCA.mRNA",-0.1475,1.529625,4.642
"TCGA-E2-A15D-01A-11R-A115-07","BRCA.mRNA",0.66475,2.908375,2.66408333333333
"TCGA-E2-A15E-06A-11R-A12D-07","BRCA.mRNA",-0.6105,1.636375,3.74041666666667
"TCGA-E2-A15E-01A-11R-A12D-07","BRCA.mRNA",-1.0115,1.610375,1.97833333333333
"TCGA-E2-A15F-01A-11R-A115-07","BRCA.mRNA",-0.390333333333333,2.11025,5.00141666666667
"TCGA-E2-A15G-01A-11R-A12D-07","BRCA.mRNA",-0.063,2.94025,4.92633333333333
"TCGA-E2-A15H-01A-11R-A12D-07","BRCA.mRNA",-0.40375,2.69325,2.47616666666667
"TCGA-E2-A15I-11A-32R-A137-07","BRCA.mRNA",-0.01275,-1.878625,0.787333333333333
"TCGA-E2-A15I-01A-21R-A137-07","BRCA.mRNA",0.11275,2.858625,3.87258333333333
"TCGA-E2-A15J-01A-11R-A12P-07","BRCA.mRNA",0.49325,2.026875,2.28941666666667
"TCGA-E2-A15K-06A-11R-A12P-07","BRCA.mRNA",-0.376,2.59225,4.87908333333333
"TCGA-E2-A15K-01A-11R-A12P-07","BRCA.mRNA",-0.696,1.83925,4.41641666666667
"TCGA-E2-A15L-01A-11R-A12D-07","BRCA.mRNA",-0.924,1.9105,4.01108333333333
"TCGA-E2-A15M-11A-22R-A12D-07","BRCA.mRNA",0.206666666666667,-0.703375,2.26958333333333
"TCGA-E2-A15M-01A-11R-A12D-07","BRCA.mRNA",-0.7485,1.683125,3.53741666666667
"TCGA-E2-A15O-01A-11R-A115-07","BRCA.mRNA",-1.01825,2.22775,4.4195
"TCGA-E2-A15P-01A-11R-A115-07","BRCA.mRNA",-0.4775,1.69675,4.428
"TCGA-E2-A15R-01A-11R-A115-07","BRCA.mRNA",0.55375,2.822125,5.23433333333333
"TCGA-E2-A15S-01A-11R-A115-07","BRCA.mRNA",-0.32575,2.620375,3.91816666666667
"TCGA-E2-A15T-01A-11R-A115-07","BRCA.mRNA",-0.69575,3.38675,5.097
"TCGA-E2-A1AZ-01A-11R-A12P-07","BRCA.mRNA",-0.44725,-1.30025,-2.10416666666667
"TCGA-E2-A1B0-01A-11R-A12P-07","BRCA.mRNA",0.1885,-2.806875,-3.423
"TCGA-E2-A1B1-01A-21R-A12P-07","BRCA.mRNA",-1.174,1.2435,0.706
"TCGA-E2-A1B4-01A-11R-A12P-07","BRCA.mRNA",-0.7985,3.046875,4.74533333333333
"TCGA-E2-A1B5-01A-21R-A12P-07","BRCA.mRNA",0.3185,-1.202,-2.41016666666667
"TCGA-E2-A1B6-01A-31R-A12P-07","BRCA.mRNA",1.329,0.148625,0.792
"TCGA-E2-A1BC-11A-32R-A12P-07","BRCA.mRNA",1.34225,-2.9405,0.555666666666667
"TCGA-E2-A1BC-01A-11R-A12P-07","BRCA.mRNA",-0.9065,1.471,3.11383333333333
"TCGA-E2-A1BD-01A-11R-A12P-07","BRCA.mRNA",0.8755,1.700875,3.79466666666667
"TCGA-01-0628-11A-01R-0363-07","OV.mRNA",3.23125,-3.4605,3.0425
"TCGA-01-0639-11A-01R-0363-07","OV.mRNA",2.04325,-3.68925,3.1055
"TCGA-01-0642-11A-02R-0363-07","OV.mRNA",2.68275,-3.80875,2.60383333333333
"TCGA-04-1331-01A-01R-0436-07","OV.mRNA",4.3555,-4.350625,2.30108333333333
"TCGA-04-1332-01A-01R-0436-07","OV.mRNA",3.74475,-4.534375,1.84816666666667
"TCGA-04-1335-01A-01R-0436-07","OV.mRNA",3.15775,-3.8755,1.5495
"TCGA-04-1336-01A-01R-0436-07","OV.mRNA",4.616,-3.4525,2.58875
"TCGA-04-1337-01A-01R-0436-07","OV.mRNA",4.12425,-4.246,1.65458333333333
"TCGA-04-1338-01A-01R-0436-07","OV.mRNA",3.9745,-3.1515,0.665666666666667
"TCGA-04-1341-01A-01R-0436-07","OV.mRNA",4.61325,-4.25,2.51275
"TCGA-04-1342-01A-01R-0436-07","OV.mRNA",4.026,-3.986125,2.86516666666667
"TCGA-04-1343-01A-01R-0436-07","OV.mRNA",3.4325,-3.432625,2.87833333333333
"TCGA-04-1346-01A-01R-0436-07","OV.mRNA",3.7885,-3.214375,2.26925
"TCGA-04-1347-01A-01R-0436-07","OV.mRNA",4.3305,-4.31425,1.56458333333333
"TCGA-04-1348-01A-01R-0456-07","OV.mRNA",3.652,-4.460875,1.23791666666667
"TCGA-04-1349-01A-01R-0456-07","OV.mRNA",3.731,-4.127375,2.48466666666667
"TCGA-04-1350-01A-01R-0456-07","OV.mRNA",4.54525,-3.832375,1.63508333333333
"TCGA-04-1351-01A-01R-0456-07","OV.mRNA",4.0375,-5.239375,-1.92083333333333
"TCGA-04-1353-01A-01R-1050-07","OV.mRNA",3.89525,-4.72275,1.54466666666667
"TCGA-04-1356-01A-01R-0456-07","OV.mRNA",3.8755,-4.294375,0.938166666666667
"TCGA-04-1357-01A-01R-0456-07","OV.mRNA",3.8885,-3.511125,2.44316666666667
"TCGA-04-1360-01A-01R-0456-07","OV.mRNA",3.50925,-4.217625,0.829916666666667
"TCGA-04-1361-01A-01R-0456-07","OV.mRNA",2.26125,-5.552125,1.79425
"TCGA-04-1362-01A-01R-0456-07","OV.mRNA",3.5365,-4.704125,2.1535
"TCGA-04-1364-01A-01R-0456-07","OV.mRNA",3.074,-4.718375,0.769166666666667
"TCGA-04-1365-01A-01R-0456-07","OV.mRNA",3.67025,-4.442125,2.44675
"TCGA-04-1367-01A-01R-0456-07","OV.mRNA",4.45075,-5.295875,0.87975
"TCGA-04-1369-01A-02R-1050-07","OV.mRNA",4.69475,-5.26575,0.890583333333333
"TCGA-04-1371-01A-01R-0456-07","OV.mRNA",4.0025,-4.521375,0.112
"TCGA-04-1514-01A-01R-0504-07","OV.mRNA",3.77,-5.96325,2.78175
"TCGA-04-1516-01A-01R-1050-07","OV.mRNA",3.332,-4.496375,0.883833333333333
"TCGA-04-1517-01A-01R-0540-07","OV.mRNA",3.93375,-4.011875,3.31975
"TCGA-04-1519-01A-01R-0540-07","OV.mRNA",4.34025,-4.9755,2.54683333333333
"TCGA-04-1525-01A-01R-0540-07","OV.mRNA",3.79575,-4.660625,1.55391666666667
"TCGA-04-1530-01A-02R-0504-07","OV.mRNA",4.29475,-3.726125,2.32725
"TCGA-04-1536-01A-01R-0540-07","OV.mRNA",4.502,-2.661625,1.59091666666667
"TCGA-04-1542-01A-01R-0504-07","OV.mRNA",3.73825,-4.67825,1.53616666666667
"TCGA-04-1638-01A-01R-0584-07","OV.mRNA",1.28025,-2.265875,-0.432583333333333
"TCGA-04-1644-01B-01R-1050-07","OV.mRNA",4.02875,-4.867375,0.994583333333333
"TCGA-04-1646-01A-01R-0584-07","OV.mRNA",4.2725,-3.949,1.90033333333333
"TCGA-04-1648-01A-01R-0584-07","OV.mRNA",3.95,-4.512125,3.39458333333333
"TCGA-04-1649-01A-01R-0584-07","OV.mRNA",3.91,-3.61775,1.812
"TCGA-04-1651-01A-01R-0584-07","OV.mRNA",3.164,-2.901375,0.490166666666667
"TCGA-04-1652-01A-01R-0584-07","OV.mRNA",4.14925,-3.662,2.12508333333333
"TCGA-04-1654-01A-02R-0655-07","OV.mRNA",3.64925,-3.827125,1.46883333333333
"TCGA-04-1655-01A-01R-0566-07","OV.mRNA",4.68425,-4.784125,1.21041666666667
"TCGA-09-1659-01B-01R-0540-07","OV.mRNA",3.742,-4.701125,1.68508333333333
"TCGA-09-1661-01B-01R-0540-07","OV.mRNA",3.68375,-4.562625,1.8205
"TCGA-09-1662-01A-01R-0540-07","OV.mRNA",3.961,-4.6945,2.01383333333333
"TCGA-09-1664-01A-01R-0584-07","OV.mRNA",4.09975,-4.217,2.3285
"TCGA-09-1665-01B-01R-0540-07","OV.mRNA",4.58575,-4.154375,2.49591666666667
"TCGA-09-1666-01A-01R-0540-07","OV.mRNA",4.03125,-4.4935,1.67291666666667
"TCGA-09-1667-01C-01R-0540-07","OV.mRNA",4.0305,-4.524875,2.18891666666667
"TCGA-09-1668-01B-01R-0540-07","OV.mRNA",3.87275,-4.3205,1.35391666666667
"TCGA-09-1669-01A-01R-0540-07","OV.mRNA",3.555,-4.66,0.743916666666667
"TCGA-09-1670-01A-01R-0566-07","OV.mRNA",4.52875,-4.952375,3.01591666666667
"TCGA-09-1672-01A-01R-0566-07","OV.mRNA",4.47,-4.893375,2.31233333333333
"TCGA-09-1673-01A-01R-0566-07","OV.mRNA",3.91825,-5.231375,3.123
"TCGA-09-1674-01A-01R-0566-07","OV.mRNA",4.821,-5.34225,-2.00491666666667
"TCGA-09-1675-01B-01R-0566-07","OV.mRNA",4.62525,-4.705125,1.37108333333333
"TCGA-09-2043-01A-01R-0711-07","OV.mRNA",2.7465,-4.232,1.9965
"TCGA-09-2044-01B-01R-0711-07","OV.mRNA",3.68175,-4.847125,1.8695
"TCGA-09-2045-01A-01R-0711-07","OV.mRNA",3.91775,-4.518375,1.66383333333333
"TCGA-09-2048-01A-01R-0711-07","OV.mRNA",2.81075,-5.212375,0.558666666666667
"TCGA-09-2049-01D-01R-0711-07","OV.mRNA",3.2015,-5.349125,1.72575
"TCGA-09-2050-01A-01R-0711-07","OV.mRNA",3.694,-5.582875,1.38933333333333
"TCGA-09-2051-01A-01R-0711-07","OV.mRNA",3.152,-3.83525,1.91508333333333
"TCGA-09-2053-01C-01R-0670-07","OV.mRNA",4.93325,-4.4795,1.33283333333333
"TCGA-09-2054-01A-01R-0670-07","OV.mRNA",4.29875,-5.71175,-1.92225
"TCGA-09-2055-01B-01R-0711-07","OV.mRNA",3.88225,-5.00075,0.38825
"TCGA-09-2056-01B-01R-0670-07","OV.mRNA",4.46675,-5.15275,1.6025
"TCGA-10-0925-01B-01R-0655-07","OV.mRNA",3.755,-4.1635,1.77625
"TCGA-10-0926-01A-01R-0406-07","OV.mRNA",3.87475,-3.186375,-2.07841666666667
"TCGA-10-0927-01A-02R-0406-07","OV.mRNA",3.89275,-3.475375,1.44858333333333
"TCGA-10-0928-01A-02R-0406-07","OV.mRNA",3.35925,-3.468,1.569
"TCGA-10-0930-01A-02R-0406-07","OV.mRNA",3.85625,-3.5305,-2.09891666666667
"TCGA-10-0931-01A-01R-0406-07","OV.mRNA",2.9875,-3.79525,1.87025
"TCGA-10-0933-01A-01R-0406-07","OV.mRNA",-0.35875,-3.8415,0.240583333333333
"TCGA-10-0934-01A-02R-0406-07","OV.mRNA",2.586,-3.282625,2.512
"TCGA-10-0935-01A-02R-0406-07","OV.mRNA",4.439,-2.393125,0.882583333333334
"TCGA-10-0936-01A-01R-0406-07","OV.mRNA",3.31275,-3.359,2.17616666666667
"TCGA-10-0937-01A-02R-0406-07","OV.mRNA",3.1855,-3.40275,1.65675
"TCGA-10-0938-01A-02R-0406-07","OV.mRNA",3.0145,-3.7025,1.102
"TCGA-13-0720-01A-01R-0363-07","OV.mRNA",3.2525,-3.3445,2.16383333333333
"TCGA-13-0751-01A-01R-0363-07","OV.mRNA",2.83675,-3.3555,1.88341666666667
"TCGA-13-0755-01A-01R-0363-07","OV.mRNA",3.07275,-2.7585,1.66791666666667
"TCGA-13-0765-01A-01R-0363-07","OV.mRNA",3.69325,-3.499125,1.41991666666667
"TCGA-13-0766-01A-02R-0363-07","OV.mRNA",2.21875,-3.406625,0.683916666666667
"TCGA-13-0791-02A-01R-0810-07","OV.mRNA",4.0675,-3.91125,1.50141666666667
"TCGA-13-0797-01A-01R-0363-07","OV.mRNA",3.245,-3.624875,1.72091666666667
"TCGA-13-0799-01A-01R-0363-07","OV.mRNA",3.41125,-3.6695,1.48375
"TCGA-13-0807-01B-01R-0406-07","OV.mRNA",2.67525,-2.995,1.38125
"TCGA-13-0883-01A-02R-0406-07","OV.mRNA",3.51625,-2.97375,2.61275
"TCGA-13-0884-01B-01R-0456-07","OV.mRNA",3.329,-3.80075,1.58933333333333
"TCGA-13-0885-01A-02R-0406-07","OV.mRNA",2.88925,-3.063875,2.91316666666667
"TCGA-13-0886-01A-01R-0406-07","OV.mRNA",3.541,-3.169375,2.33941666666667
"TCGA-13-0887-01A-01R-0406-07","OV.mRNA",3.32725,-3.534375,0.662833333333333
"TCGA-13-0888-01A-01R-0406-07","OV.mRNA",4.155,-3.489,0.243
"TCGA-13-0889-01A-01R-0406-07","OV.mRNA",3.74375,-3.334375,1.73741666666667
"TCGA-13-0890-01A-01R-0406-07","OV.mRNA",2.7625,-3.952875,-0.616416666666667
"TCGA-13-0891-01A-01R-0406-07","OV.mRNA",2.55375,-2.080375,2.03366666666667
"TCGA-13-0893-01B-01R-0456-07","OV.mRNA",4.306,-4.339125,0.997083333333333
"TCGA-13-0894-01B-01R-0456-07","OV.mRNA",4.32225,-3.801375,-0.14925
"TCGA-13-0897-01A-01R-0406-07","OV.mRNA",2.856,-3.260125,1.47825
"TCGA-13-0899-01A-01R-0406-07","OV.mRNA",3.4365,-3.472,0.86025
"TCGA-13-0900-01B-01R-0456-07","OV.mRNA",3.7705,-3.572875,1.29766666666667
"TCGA-13-0901-01B-01R-0456-07","OV.mRNA",3.8555,-3.944875,1.69858333333333
"TCGA-13-0903-01A-01R-0406-07","OV.mRNA",2.62175,-3.356,1.59316666666667
"TCGA-13-0904-01A-02R-0406-07","OV.mRNA",3.269,-3.50275,2.78841666666667
"TCGA-13-0905-01B-01R-0456-07","OV.mRNA",3.75375,-5.023875,1.92691666666667
"TCGA-13-0906-01A-01R-0406-07","OV.mRNA",3.38675,-3.280875,0.593083333333333
"TCGA-13-0908-01B-01R-0456-07","OV.mRNA",3.14825,-4.088875,1.048
"TCGA-13-0910-01A-01R-0406-07","OV.mRNA",3.782,-3.81875,2.28391666666667
"TCGA-13-0911-01A-01R-0406-07","OV.mRNA",3.23075,-3.947375,0.888
"TCGA-13-0912-01A-01R-0406-07","OV.mRNA",3.993,-3.074625,1.61366666666667
"TCGA-13-0913-01A-01R-0406-07","OV.mRNA",2.83425,-3.611125,1.57391666666667
"TCGA-13-0913-02A-01R-0810-07","OV.mRNA",2.652,-4.175125,1.13991666666667
"TCGA-13-0916-01A-01R-0406-07","OV.mRNA",-0.2935,-3.664125,2.675
"TCGA-13-0919-01A-01R-0406-07","OV.mRNA",3.163,-3.327875,-0.418916666666667
"TCGA-13-0920-01A-01R-0406-07","OV.mRNA",4.08725,-4.134375,1.49241666666667
"TCGA-13-0921-01A-01R-0406-07","OV.mRNA",2.908,-3.468875,1.5505
"TCGA-13-0923-01A-01R-0406-07","OV.mRNA",3.6305,-3.363,2.49675
"TCGA-13-0924-01A-01R-0406-07","OV.mRNA",2.4485,-3.59325,0.718166666666667
"TCGA-13-1403-01A-01R-0456-07","OV.mRNA",3.7875,-4.749625,1.44833333333333
"TCGA-13-1404-01A-01R-0456-07","OV.mRNA",2.36775,-4.72525,0.336916666666667
"TCGA-13-1405-01A-01R-0456-07","OV.mRNA",4.08,-4.670125,1.28908333333333
"TCGA-13-1407-01A-01R-0456-07","OV.mRNA",4.31825,-5.95625,1.76275
"TCGA-13-1408-01A-01R-0456-07","OV.mRNA",3.67125,-3.102375,1.01183333333333
"TCGA-13-1409-01A-01R-0456-07","OV.mRNA",4.404,-3.194875,2.6375
"TCGA-13-1410-01A-01R-0456-07","OV.mRNA",4.05425,-4.40875,0.34075
"TCGA-13-1411-01A-01R-0456-07","OV.mRNA",4.48625,-3.990125,-0.253166666666667
"TCGA-13-1412-01A-01R-0456-07","OV.mRNA",4.1465,-4.423375,0.79075
"TCGA-13-1477-01A-01R-0479-07","OV.mRNA",3.77,-3.918375,1.55858333333333
"TCGA-13-1481-01A-01R-0479-07","OV.mRNA",4.2535,-4.379,-0.0851666666666667
"TCGA-13-1482-01A-01R-0479-07","OV.mRNA",4.3675,-4.79975,2.05491666666667
"TCGA-13-1483-01A-01R-0479-07","OV.mRNA",3.76725,-4.0925,1.285
"TCGA-13-1484-01A-01R-0479-07","OV.mRNA",4.60025,-3.8285,1.29533333333333
"TCGA-13-1485-01A-02R-0479-07","OV.mRNA",3.573,-4.097375,1.64925
"TCGA-13-1487-01A-01R-0479-07","OV.mRNA",4.882,-5.214,2.64316666666667
"TCGA-13-1488-01A-01R-0479-07","OV.mRNA",4.57625,-4.5205,2.34375
"TCGA-13-1489-01A-01R-0479-07","OV.mRNA",4.49675,-4.410375,1.19325
"TCGA-13-1489-02A-01R-0810-07","OV.mRNA",3.63275,-4.213125,0.13875
"TCGA-13-1491-01A-01R-0479-07","OV.mRNA",4.36925,-5.2035,0.812416666666667
"TCGA-13-1492-01A-01R-0479-07","OV.mRNA",-0.97275,-3.09175,-0.577
"TCGA-13-1494-01A-01R-0479-07","OV.mRNA",3.822,-4.767375,0.958833333333333
"TCGA-13-1495-01A-01R-0479-07","OV.mRNA",4.71975,-4.9065,1.935
"TCGA-13-1496-01A-01R-0479-07","OV.mRNA",4.463,-4.49575,1.852
"TCGA-13-1497-01A-01R-0479-07","OV.mRNA",3.50625,-4.402875,1.31491666666667
"TCGA-13-1498-01A-01R-0479-07","OV.mRNA",4.39375,-4.345,3.39141666666667
"TCGA-13-1499-01A-01R-0479-07","OV.mRNA",3.81375,-3.84875,-0.129833333333333
"TCGA-13-1500-01A-01R-0479-07","OV.mRNA",3.99775,-4.45525,2.5895
"TCGA-13-1501-01A-01R-0479-07","OV.mRNA",4.24625,-4.23125,1.31716666666667
"TCGA-13-1504-01A-01R-0479-07","OV.mRNA",3.84675,-4.114875,2.64833333333333
"TCGA-13-1505-01A-01R-0479-07","OV.mRNA",3.47225,-5.029875,1.91875
"TCGA-13-1506-01A-01R-0479-07","OV.mRNA",3.87875,-5.244,0.91475
"TCGA-13-1507-01A-01R-0479-07","OV.mRNA",3.982,-4.014375,1.34083333333333
"TCGA-13-1509-01A-01R-0479-07","OV.mRNA",3.8855,-4.2255,1.45233333333333
"TCGA-13-1510-01A-02R-0479-07","OV.mRNA",4.47625,-4.42275,2.61258333333333
"TCGA-13-1511-01A-01R-0479-07","OV.mRNA",4.3245,-4.280875,1.43825
"TCGA-13-1512-01A-01R-0479-07","OV.mRNA",4.1365,-2.7595,-1.2005
"TCGA-13-1817-01A-01R-0810-07","OV.mRNA",0.444,-4.55625,-2.47158333333333
"TCGA-13-1817-02A-01R-0810-07","OV.mRNA",-0.87125,-4.38775,0.359916666666667
"TCGA-13-1819-01A-01R-0810-07","OV.mRNA",3.439,-5.065875,1.79766666666667
"TCGA-13-1819-02A-01R-0810-07","OV.mRNA",2.6795,-4.505,2.03408333333333
"TCGA-13-2057-01A-02R-1050-07","OV.mRNA",4.1925,-4.56275,1.30491666666667
"TCGA-13-2059-01A-01R-1050-07","OV.mRNA",3.12575,-4.409125,1.60783333333333
"TCGA-13-2060-01A-01R-0711-07","OV.mRNA",4.24875,-4.719125,0.731
"TCGA-13-2061-01A-01R-1050-07","OV.mRNA",3.81825,-4.704,2.50583333333333
"TCGA-13-2065-01A-01R-1050-07","OV.mRNA",2.6545,-4.2155,2.33383333333333
"TCGA-13-2066-01A-01R-1050-07","OV.mRNA",3.85475,-5.208625,0.756833333333333
"TCGA-13-2071-01A-02R-1050-07","OV.mRNA",3.53475,-4.3075,1.8425
"TCGA-20-0987-01A-02R-0436-07","OV.mRNA",3.63825,-3.824375,0.325416666666667
"TCGA-20-0990-01A-01R-0436-07","OV.mRNA",4.37625,-4.55675,1.767
"TCGA-20-0991-01A-01R-0436-07","OV.mRNA",3.8005,-3.910375,2.71358333333333
"TCGA-20-0996-01A-02R-0436-07","OV.mRNA",3.9095,-3.8405,2.93925
"TCGA-20-1682-01A-01R-0566-07","OV.mRNA",2.40025,-3.26725,-0.504833333333333
"TCGA-20-1683-01A-01R-0566-07","OV.mRNA",4.07925,-3.661875,0.47225
"TCGA-20-1684-01A-01R-0566-07","OV.mRNA",3.64575,-5.781875,1.59975
"TCGA-20-1685-01A-01R-0566-07","OV.mRNA",4.347,-4.83175,1.78558333333333
"TCGA-20-1686-01A-01R-0566-07","OV.mRNA",2.52825,-4.366625,0.877666666666667
"TCGA-20-1687-01A-01R-0566-07","OV.mRNA",4.31075,-4.3515,1.982
"TCGA-23-1021-01B-01R-0436-07","OV.mRNA",4.51825,-3.164625,1.37608333333333
"TCGA-23-1022-01A-01R-0436-07","OV.mRNA",4.55075,-3.6935,0.88425
"TCGA-23-1023-01R-01R-0810-07","OV.mRNA",3.4365,-2.654875,-3.46925
"TCGA-23-1024-01A-02R-0436-07","OV.mRNA",4.0575,-3.806625,1.3775
"TCGA-23-1026-01B-01R-0436-07","OV.mRNA",3.97225,-4.163375,1.24483333333333
"TCGA-23-1027-01A-02R-0436-07","OV.mRNA",3.36925,-4.179375,1.25266666666667
"TCGA-23-1028-01A-01R-0436-07","OV.mRNA",3.409,-4.14175,1.62733333333333
"TCGA-23-1029-01B-01R-0584-07","OV.mRNA",3.968,-5.057,2.78575
"TCGA-23-1030-01A-02R-0436-07","OV.mRNA",4.27125,-4.1145,0.8535
"TCGA-23-1031-01A-01R-0436-07","OV.mRNA",3.94425,-4.8535,0.427166666666667
"TCGA-23-1032-01A-02R-0436-07","OV.mRNA",4.504,-4.85975,0.4495
"TCGA-23-1107-01A-01R-0436-07","OV.mRNA",3.709,-3.51025,2.6595
"TCGA-23-1109-01A-01R-0436-07","OV.mRNA",4.27225,-4.7055,2.23641666666667
"TCGA-23-1110-01A-01R-0436-07","OV.mRNA",4.5595,-5.177,0.823666666666667
"TCGA-23-1111-01A-01R-0584-07","OV.mRNA",3.79525,-4.206875,2.372
"TCGA-23-1113-01A-01R-0436-07","OV.mRNA",4.2755,-3.9715,1.60766666666667
"TCGA-23-1114-01B-01R-0566-07","OV.mRNA",4.6,-5.467625,1.73158333333333
"TCGA-23-1116-01A-01R-0436-07","OV.mRNA",3.74225,-3.539625,1.11466666666667
"TCGA-23-1117-01A-02R-0436-07","OV.mRNA",3.8305,-3.45475,1.982
"TCGA-23-1118-01A-01R-0436-07","OV.mRNA",4.264,-4.043125,1.39375
"TCGA-23-1119-01A-02R-0436-07","OV.mRNA",3.64025,-3.97925,1.86516666666667
"TCGA-23-1120-01A-02R-0436-07","OV.mRNA",4.77075,-3.88275,2.85841666666667
"TCGA-23-1121-01A-01R-0436-07","OV.mRNA",4.61225,-4.2545,1.51283333333333
"TCGA-23-1122-01A-01R-0436-07","OV.mRNA",4.40875,-3.942875,1.73583333333333
"TCGA-23-1123-01A-01R-0436-07","OV.mRNA",4.30775,-3.907375,1.17966666666667
"TCGA-23-1124-01A-01R-0436-07","OV.mRNA",4.2615,-3.6215,1.35541666666667
"TCGA-23-1809-01A-01R-0566-07","OV.mRNA",3.2475,-4.443875,-3.42766666666667
"TCGA-23-2072-01A-01R-0670-07","OV.mRNA",4.40825,-5.898625,1.49516666666667
"TCGA-23-2077-01A-01R-0670-07","OV.mRNA",3.37925,-4.85975,1.50616666666667
"TCGA-23-2078-01A-01R-0670-07","OV.mRNA",4.43175,-3.71125,1.14333333333333
"TCGA-23-2079-01A-01R-0670-07","OV.mRNA",3.28025,-4.3905,2.2215
"TCGA-23-2081-01A-01R-0670-07","OV.mRNA",3.69525,-3.746875,1.86075
"TCGA-23-2084-01A-02R-0670-07","OV.mRNA",3.99275,-5.385875,0.52425
"TCGA-23-2641-01A-01R-1050-07","OV.mRNA",2.99025,-3.519625,2.41641666666667
"TCGA-23-2643-01A-01R-1050-07","OV.mRNA",3.7415,-4.46675,3.22058333333333
"TCGA-23-2645-01A-01R-1050-07","OV.mRNA",3.78475,-2.9235,-1.80708333333333
"TCGA-23-2647-01A-01R-1050-07","OV.mRNA",3.73525,-4.2845,1.27033333333333
"TCGA-23-2649-01A-01R-1050-07","OV.mRNA",3.7785,-4.353625,2.02933333333333
"TCGA-24-0966-01A-01R-0406-07","OV.mRNA",3.196,-3.4485,1.84866666666667
"TCGA-24-0968-01A-01R-0436-07","OV.mRNA",3.1335,-3.49525,1.12
"TCGA-24-0970-01B-01R-0436-07","OV.mRNA",4.06275,-3.859375,-3.0495
"TCGA-24-0975-01A-02R-0436-07","OV.mRNA",3.706,-3.409625,-0.06475
"TCGA-24-0979-01A-01R-0436-07","OV.mRNA",3.72625,-4.552625,1.31458333333333
"TCGA-24-0980-01A-01R-0406-07","OV.mRNA",1.47025,-3.58475,-0.662583333333333
"TCGA-24-0982-01A-01R-0436-07","OV.mRNA",3.69825,-3.501875,1.18008333333333
"TCGA-24-1103-01A-01R-0436-07","OV.mRNA",3.9695,-4.679875,1.86425
"TCGA-24-1104-01A-01R-0436-07","OV.mRNA",3.52,-3.568,2.46925
"TCGA-24-1105-01A-01R-0436-07","OV.mRNA",4.05,-3.872125,0.198583333333333
"TCGA-24-1413-01A-01R-0456-07","OV.mRNA",3.82025,-5.0895,1.31141666666667
"TCGA-24-1416-01A-01R-0479-07","OV.mRNA",3.371,-4.686125,1.2805
"TCGA-24-1417-01A-01R-0479-07","OV.mRNA",3.90025,-4.42725,2.29708333333333
"TCGA-24-1418-01A-01R-0479-07","OV.mRNA",4.09025,-4.952,1.41491666666667
"TCGA-24-1419-01A-01R-0479-07","OV.mRNA",-0.5595,-5.45075,2.35825
"TCGA-24-1422-01A-01R-0479-07","OV.mRNA",4.2445,-4.141625,2.98758333333333
"TCGA-24-1423-01A-01R-0479-07","OV.mRNA",4.482,-4.352,2.464
"TCGA-24-1424-01A-01R-0479-07","OV.mRNA",4.452,-5.2985,1.30566666666667
"TCGA-24-1425-01A-02R-0504-07","OV.mRNA",2.13025,-4.532,1.29716666666667
"TCGA-24-1426-01A-01R-0479-07","OV.mRNA",4.64475,-4.53875,-3.16175
"TCGA-24-1427-01A-01R-0479-07","OV.mRNA",3.38075,-4.28075,1.57275
"TCGA-24-1428-01A-01R-0479-07","OV.mRNA",4.18225,-5.117875,2.62758333333333
"TCGA-24-1430-01A-01R-0479-07","OV.mRNA",4.31625,-5.671125,1.91658333333333
"TCGA-24-1431-01A-01R-0479-07","OV.mRNA",4.187,-4.95425,2.08275
"TCGA-24-1434-01A-01R-0479-07","OV.mRNA",4.254,-3.530875,2.0735
"TCGA-24-1435-01A-01R-0479-07","OV.mRNA",4.25,-3.84875,2.66925
"TCGA-24-1436-01A-01R-0479-07","OV.mRNA",4.52475,-4.625125,0.946416666666667
"TCGA-24-1463-01A-01R-0479-07","OV.mRNA",3.986,-3.290625,2.31725
"TCGA-24-1464-01A-01R-0479-07","OV.mRNA",3.712,-2.794125,2.15275
"TCGA-24-1466-01A-01R-0479-07","OV.mRNA",5.3485,-4.196625,1.93933333333333
"TCGA-24-1467-01A-01R-0479-07","OV.mRNA",4.23825,-5.180875,1.50291666666667
"TCGA-24-1469-01A-01R-0504-07","OV.mRNA",4.10475,-4.069125,2.56033333333333
"TCGA-24-1470-01A-01R-0504-07","OV.mRNA",3.922,-4.043125,2.52591666666667
"TCGA-24-1471-01A-01R-0504-07","OV.mRNA",3.4925,-4.83975,2.81316666666667
"TCGA-24-1474-01A-01R-0504-07","OV.mRNA",-0.63875,-4.63825,1.62991666666667
"TCGA-24-1544-01A-01R-0540-07","OV.mRNA",4.2635,-4.883,1.37683333333333
"TCGA-24-1545-01A-01R-0540-07","OV.mRNA",3.96425,-4.1925,1.9125
"TCGA-24-1546-01A-01R-0540-07","OV.mRNA",4.10325,-4.081125,1.98825
"TCGA-24-1548-01A-01R-0540-07","OV.mRNA",4.225,-5.179,3.35875
"TCGA-24-1549-01A-01R-0504-07","OV.mRNA",4.435,-4.463125,2.40725
"TCGA-24-1550-01A-01R-0504-07","OV.mRNA",2.2115,-4.858,-3.29116666666667
"TCGA-24-1551-01A-01R-0504-07","OV.mRNA",2.51525,-4.185625,2.27275
"TCGA-24-1552-01A-01R-0504-07","OV.mRNA",4.2255,-5.039,2.2705
"TCGA-24-1553-01A-01R-0504-07","OV.mRNA",3.8725,-3.643375,2.29766666666667
"TCGA-24-1555-01A-01R-0504-07","OV.mRNA",3.6875,-4.136625,2.12816666666667
"TCGA-24-1556-01A-01R-0540-07","OV.mRNA",2.536,-4.472125,1.3585
"TCGA-24-1557-01A-01R-0540-07","OV.mRNA",3.0975,-4.160875,2.01416666666667
"TCGA-24-1558-01A-01R-0540-07","OV.mRNA",3.89025,-3.31875,1.08783333333333
"TCGA-24-1560-01A-01R-0540-07","OV.mRNA",4.283,-4.832125,0.828333333333333
"TCGA-24-1562-01A-01R-0504-07","OV.mRNA",3.88125,-3.313375,1.88241666666667
"TCGA-24-1563-01A-01R-0504-07","OV.mRNA",3.47425,-4.13375,1.90583333333333
"TCGA-24-1564-01A-01R-0504-07","OV.mRNA",3.852,-3.632375,1.47333333333333
"TCGA-24-1565-01A-01R-0504-07","OV.mRNA",3.1545,-3.952,2.31833333333333
"TCGA-24-1567-01A-01R-0540-07","OV.mRNA",3.338,-5.253,1.03033333333333
"TCGA-24-1603-01A-01R-0504-07","OV.mRNA",3.5525,-5.136375,2.11733333333333
"TCGA-24-1604-01A-01R-0504-07","OV.mRNA",3.58575,-4.998375,2.204
"TCGA-24-1614-01A-01R-0504-07","OV.mRNA",3.57025,-4.627125,1.37216666666667
"TCGA-24-1616-01A-01R-0504-07","OV.mRNA",4.3015,-4.707625,2.55308333333333
"TCGA-24-1842-01A-01R-0584-07","OV.mRNA",3.18025,-3.483,1.53933333333333
"TCGA-24-1843-01A-01R-0584-07","OV.mRNA",3.42375,-4.402625,3.23341666666667
"TCGA-24-1844-01A-01R-0584-07","OV.mRNA",3.881,-5.237,2.16575
"TCGA-24-1845-01A-01R-0584-07","OV.mRNA",3.738,-3.948,1.00858333333333
"TCGA-24-1846-01A-01R-0584-07","OV.mRNA",2.8055,-4.344375,1.57166666666667
"TCGA-24-1847-01A-01R-0566-07","OV.mRNA",3.70075,-4.597875,0.975833333333333
"TCGA-24-1849-01A-01R-0584-07","OV.mRNA",3.714,-3.780625,1.5695
"TCGA-24-1850-01A-01R-0584-07","OV.mRNA",3.79275,-3.99225,1.50558333333333
"TCGA-24-1852-01A-01R-0810-07","OV.mRNA",3.96525,-4.252375,2.27458333333333
"TCGA-24-1852-02A-01R-0810-07","OV.mRNA",3.43975,-4.493875,2.75608333333333
"TCGA-24-1920-01A-01R-0655-07","OV.mRNA",3.81925,-3.759125,4.02866666666667
"TCGA-24-1923-01A-01R-0655-07","OV.mRNA",3.5345,-4.547375,1.48908333333333
"TCGA-24-1924-01A-01R-0655-07","OV.mRNA",3.8615,-4.08175,2.56875
"TCGA-24-1927-01A-01R-0655-07","OV.mRNA",3.34875,-3.571625,2.17841666666667
"TCGA-24-1928-01A-01R-0655-07","OV.mRNA",3.72975,-4.04975,2.66891666666667
"TCGA-24-1930-01A-01R-0655-07","OV.mRNA",3.58875,-3.407375,2.615
"TCGA-24-2019-01A-02R-0670-07","OV.mRNA",3.72175,-5.68875,0.68725
"TCGA-24-2020-01A-01R-0655-07","OV.mRNA",0.28325,-4.992875,-3.51083333333333
"TCGA-24-2023-01A-01R-0655-07","OV.mRNA",3.76525,-5.078125,2.41
"TCGA-24-2024-01A-02R-0670-07","OV.mRNA",4.28425,-5.181625,2.97216666666667
"TCGA-24-2026-01A-01R-0655-07","OV.mRNA",4.665,-5.061125,2.5485
"TCGA-24-2027-01A-01R-0655-07","OV.mRNA",3.63,-4.910125,-0.754166666666667
"TCGA-24-2029-01A-01R-0655-07","OV.mRNA",2.6055,-4.139125,1.80416666666667
"TCGA-24-2030-01A-01R-0670-07","OV.mRNA",5.18875,-5.686625,3.45341666666667
"TCGA-24-2033-01A-01R-0670-07","OV.mRNA",3.79925,-5.731125,2.50583333333333
"TCGA-24-2035-01A-01R-0670-07","OV.mRNA",4.1525,-4.228625,2.953
"TCGA-24-2036-01A-01R-0670-07","OV.mRNA",3.228,-5.008875,1.88816666666667
"TCGA-24-2038-01A-01R-0670-07","OV.mRNA",3.708,-4.361375,1.60266666666667
"TCGA-24-2254-01A-01R-0670-07","OV.mRNA",3.29675,-5.909625,1.29483333333333
"TCGA-24-2260-01A-01R-0670-07","OV.mRNA",4.06425,-4.44,2.64216666666667
"TCGA-24-2261-01A-01R-0670-07","OV.mRNA",3.419,-4.245625,2.88191666666667
"TCGA-24-2262-01A-01R-0711-07","OV.mRNA",5.04675,-3.79425,-0.01725
"TCGA-24-2267-01A-01R-0711-07","OV.mRNA",3.19525,-4.12475,2.67591666666667
"TCGA-24-2271-01A-01R-0711-07","OV.mRNA",4.26775,-4.573625,2.0015
"TCGA-24-2280-01A-01R-0711-07","OV.mRNA",4.316,-4.464375,0.602083333333333
"TCGA-24-2281-01A-01R-0711-07","OV.mRNA",4.06675,-3.497375,2.21608333333333
"TCGA-24-2288-01A-01R-0711-07","OV.mRNA",4.11325,-4.520125,2.17391666666667
"TCGA-24-2289-01A-01R-0711-07","OV.mRNA",4.083,-4.735,2.47033333333333
"TCGA-24-2290-01A-01R-0711-07","OV.mRNA",3.96725,-4.4375,2.24575
"TCGA-24-2293-01A-01R-0711-07","OV.mRNA",3.78075,-4.39325,1.31941666666667
"TCGA-24-2295-01A-01R-0711-07","OV.mRNA",3.66575,-4.09675,1.81958333333333
"TCGA-24-2297-01A-01R-0711-07","OV.mRNA",4.43025,-4.579375,1.71125
"TCGA-24-2298-01A-01R-0711-07","OV.mRNA",3.982,-4.236625,1.62075
"TCGA-25-1312-01A-01R-0456-07","OV.mRNA",4.168,-5.844,1.73208333333333
"TCGA-25-1313-01A-01R-0456-07","OV.mRNA",4.25725,-4.600875,2.29558333333333
"TCGA-25-1314-01A-01R-0456-07","OV.mRNA",3.695,-3.793125,1.71241666666667
"TCGA-25-1315-01A-01R-0456-07","OV.mRNA",3.93675,-4.550875,0.768083333333333
"TCGA-25-1316-01A-01R-0456-07","OV.mRNA",4.118,-0.937375,-5.03316666666667
"TCGA-25-1317-01A-01R-0456-07","OV.mRNA",3.83775,-4.625875,2.7995
"TCGA-25-1318-01A-01R-0456-07","OV.mRNA",3.808,-4.325,1.97766666666667
"TCGA-25-1319-01A-01R-0456-07","OV.mRNA",4.6465,-5.2455,3.49925
"TCGA-25-1320-01A-01R-0456-07","OV.mRNA",3.6115,-4.48,1.48108333333333
"TCGA-25-1321-01A-01R-0456-07","OV.mRNA",4.4475,-5.7705,2.38166666666667
"TCGA-25-1322-01A-01R-0456-07","OV.mRNA",3.8535,-4.259,1.64566666666667
"TCGA-25-1323-01A-01R-0456-07","OV.mRNA",3.7405,-4.71,2.1275
"TCGA-25-1324-01A-01R-0456-07","OV.mRNA",2.8705,-2.99,2.35375
"TCGA-25-1325-01A-01R-0456-07","OV.mRNA",3.7575,-3.93075,2.57908333333333
"TCGA-25-1326-01A-01R-0456-07","OV.mRNA",3.351,-3.94025,0.63475
"TCGA-25-1328-01A-01R-0456-07","OV.mRNA",4.1355,-4.859875,1.80566666666667
"TCGA-25-1329-01A-01R-0456-07","OV.mRNA",4.208,-5.48275,0.995833333333333
"TCGA-25-1623-01A-01R-0540-07","OV.mRNA",3.76175,-3.680375,0.904083333333333
"TCGA-25-1625-01A-01R-0540-07","OV.mRNA",3.50675,-4.167125,1.447
"TCGA-25-1626-01A-01R-0540-07","OV.mRNA",3.7725,-3.68425,1.2775
"TCGA-25-1627-01A-01R-0540-07","OV.mRNA",4.31925,-3.820875,2.14841666666667
"TCGA-25-1628-01A-01R-0540-07","OV.mRNA",3.285,-4.34125,0.995916666666667
"TCGA-25-1630-01A-01R-0540-07","OV.mRNA",3.67475,-4.813,1.83658333333333
"TCGA-25-1631-01A-01R-0540-07","OV.mRNA",3.924,-4.509625,1.61516666666667
"TCGA-25-1632-01A-01R-0540-07","OV.mRNA",4.59325,-4.672875,0.603166666666667
"TCGA-25-1633-01A-01R-0540-07","OV.mRNA",2.6145,-4.21025,1.36666666666667
"TCGA-25-1634-01A-01R-0540-07","OV.mRNA",4.284,-4.263875,1.94908333333333
"TCGA-25-1635-01A-01R-0540-07","OV.mRNA",2.982,-3.438375,3.26891666666667
"TCGA-25-1870-01A-01R-0655-07","OV.mRNA",4.093,-3.989375,2.58316666666667
"TCGA-25-1871-01A-01R-0655-07","OV.mRNA",3.56925,-3.525875,3.63075
"TCGA-25-1877-01A-01R-0655-07","OV.mRNA",0.43875,-4.21825,-3.37058333333333
"TCGA-25-1878-01A-01R-0655-07","OV.mRNA",3.309,-3.26925,1.58583333333333
"TCGA-25-2042-01A-01R-0711-07","OV.mRNA",3.34575,-4.31575,0.21525
"TCGA-25-2390-01A-01R-0711-07","OV.mRNA",2.9475,-4.59575,2.92158333333333
"TCGA-25-2391-01A-01R-0711-07","OV.mRNA",3.44,-5.58925,2.18275
"TCGA-25-2392-01A-01R-0711-07","OV.mRNA",3.651,-3.66,2.26341666666667
"TCGA-25-2393-01A-01R-0711-07","OV.mRNA",4.657,-4.55425,0.132583333333333
"TCGA-25-2396-01A-01R-0711-07","OV.mRNA",3.567,-4.815375,2.90066666666667
"TCGA-25-2397-01A-01R-0711-07","OV.mRNA",4.07575,-5.175,3.28675
"TCGA-25-2398-01A-01R-0711-07","OV.mRNA",4.5675,-3.833125,0.410583333333333
"TCGA-25-2399-01A-01R-0711-07","OV.mRNA",3.8155,-5.156375,2.20375
"TCGA-25-2400-01A-01R-0711-07","OV.mRNA",3.45075,-4.18675,2.68133333333333
"TCGA-25-2401-01A-01R-0711-07","OV.mRNA",3.89425,-4.22325,2.31791666666667
"TCGA-25-2404-01A-01R-0711-07","OV.mRNA",3.52775,-4.716375,1.6765
"TCGA-25-2408-01A-01R-0711-07","OV.mRNA",3.12775,-4.652875,1.83991666666667
"TCGA-25-2409-01A-01R-0711-07","OV.mRNA",3.26,-3.927625,1.8255
"TCGA-29-1688-01A-01R-0566-07","OV.mRNA",2.075,-3.785875,0.670583333333333
"TCGA-29-1690-01A-01R-0566-07","OV.mRNA",4.007,-4.6815,1.75891666666667
"TCGA-29-1691-01A-01R-0566-07","OV.mRNA",-0.55575,-4.74,2.6455
"TCGA-29-1692-01B-01R-0810-07","OV.mRNA",4.694,-4.203125,0.985416666666667
"TCGA-29-1692-02A-01R-0810-07","OV.mRNA",4.59375,-4.823875,-0.137666666666667
"TCGA-29-1693-01A-01R-0566-07","OV.mRNA",4.23225,-4.103625,0.966166666666667
"TCGA-29-1694-01A-01R-0566-07","OV.mRNA",3.8155,-4.706375,0.893833333333333
"TCGA-29-1695-01A-01R-0566-07","OV.mRNA",4.88475,-4.783125,2.72158333333333
"TCGA-29-1696-01A-01R-0566-07","OV.mRNA",3.52075,-3.945125,1.09958333333333
"TCGA-29-1697-01A-01R-0566-07","OV.mRNA",5.16175,-3.169125,0.626416666666667
"TCGA-29-1698-01A-01R-0566-07","OV.mRNA",2.74875,-3.965625,1.69825
"TCGA-29-1699-01A-01R-0566-07","OV.mRNA",3.9325,-4.88525,1.23033333333333
"TCGA-29-1701-01A-01R-0566-07","OV.mRNA",3.18625,-3.938,-0.346416666666667
"TCGA-29-1702-01A-01R-0566-07","OV.mRNA",3.2585,-4.852875,2.11883333333333
"TCGA-29-1703-01A-01R-0566-07","OV.mRNA",3.89625,-4.37025,2.29841666666667
"TCGA-29-1704-01B-01R-0810-07","OV.mRNA",2.65125,-3.948,1.3955
"TCGA-29-1705-01A-01R-0566-07","OV.mRNA",2.35825,-3.737625,1.21858333333333
"TCGA-29-1705-02A-01R-0810-07","OV.mRNA",1.958,-4.35925,1.80541666666667
"TCGA-29-1707-01A-01R-0566-07","OV.mRNA",3.16925,-4.6145,1.73083333333333
"TCGA-29-1707-02A-01R-0810-07","OV.mRNA",2.3455,-4.00542857142857,2.06083333333333
"TCGA-29-1710-01A-02R-0566-07","OV.mRNA",3.884,-4.104625,1.55391666666667
"TCGA-29-1710-02A-01R-0810-07","OV.mRNA",3.217,-3.947875,2.32325
"TCGA-29-1711-01A-01R-0566-07","OV.mRNA",2.995,-4.429375,1.557
"TCGA-29-1761-01A-01R-0566-07","OV.mRNA",2.7705,-4.539875,2.93841666666667
"TCGA-29-1762-01A-01R-0566-07","OV.mRNA",3.62825,-5.051875,-0.156666666666667
"TCGA-29-1763-01A-02R-0566-07","OV.mRNA",3.523,-4.459875,1.64358333333333
"TCGA-29-1764-01A-01R-0566-07","OV.mRNA",2.79725,-4.338,0.864916666666667
"TCGA-29-1766-01A-01R-0566-07","OV.mRNA",3.5825,-4.95675,1.95908333333333
"TCGA-29-1768-01A-01R-0566-07","OV.mRNA",2.75,-3.96125,1.6015
"TCGA-29-1769-01A-01R-0584-07","OV.mRNA",3.65525,-3.751125,0.820166666666667
"TCGA-29-1770-01A-01R-0566-07","OV.mRNA",3.5495,-4.292125,0.624416666666667
"TCGA-29-1770-02A-01R-0810-07","OV.mRNA",4.15025,-4.926125,1.57225
"TCGA-29-1771-01A-01R-0566-07","OV.mRNA",3.30275,-4.909625,1.774
"TCGA-29-1774-01A-01R-0584-07","OV.mRNA",1.279,-4.97675,-2.12858333333333
"TCGA-29-1775-01A-01R-0584-07","OV.mRNA",2.78475,-3.601,1.78433333333333
"TCGA-29-1776-01A-01R-0584-07","OV.mRNA",3.80625,-4.118625,1.52191666666667
"TCGA-29-1777-01A-01R-0584-07","OV.mRNA",2.70625,-3.941125,0.766583333333333
"TCGA-29-1778-01A-01R-0584-07","OV.mRNA",3.2625,-4.41275,2.50616666666667
"TCGA-29-1781-01A-01R-0566-07","OV.mRNA",2.1185,-3.660625,0.763666666666667
"TCGA-29-1783-01A-01R-0566-07","OV.mRNA",3.11575,-4.086625,1.55491666666667
"TCGA-29-1784-01A-02R-0566-07","OV.mRNA",2.579,-3.592625,0.985583333333333
"TCGA-29-1785-01A-01R-0566-07","OV.mRNA",4.31725,-4.467625,1.72233333333333
"TCGA-29-2414-01A-02R-0711-07","OV.mRNA",4.02575,-5.0285,3.37983333333333
"TCGA-29-2414-02A-01R-0810-07","OV.mRNA",4.127,-4.490125,3.07508333333333
"TCGA-29-2425-01A-01R-0711-07","OV.mRNA",4.11125,-4.727375,1.54541666666667
"TCGA-29-2427-01A-01R-0711-07","OV.mRNA",3.37,-4.06925,2.1465
"TCGA-29-2428-01A-01R-0711-07","OV.mRNA",4.7165,-4.6265,-0.918666666666667
"TCGA-29-2429-01A-01R-1050-07","OV.mRNA",3.4075,-4.1305,-0.452
"TCGA-29-2431-01A-01R-1050-07","OV.mRNA",3.0115,-4.37775,2.42683333333333
"TCGA-29-2432-01A-01R-1050-07","OV.mRNA",3.81975,-3.93325,1.05833333333333
"TCGA-29-2434-01A-01R-1050-07","OV.mRNA",3.746,-5.423625,2.48783333333333
"TCGA-29-2436-01A-01R-1050-07","OV.mRNA",3.31275,-3.286875,0.794583333333333
"TCGA-30-1714-01A-02R-0566-07","OV.mRNA",4.03975,-4.805125,1.73991666666667
"TCGA-30-1718-01A-01R-0566-07","OV.mRNA",3.46325,-4.01675,0.79825
"TCGA-30-1853-01A-02R-0655-07","OV.mRNA",3.99025,-3.676125,1.29525
"TCGA-30-1855-01A-01R-0584-07","OV.mRNA",3.742,-4.549875,1.45258333333333
"TCGA-30-1856-01A-01R-0584-07","OV.mRNA",3.188,-4.17875,0.60775
"TCGA-30-1857-01A-02R-0584-07","OV.mRNA",3.93175,-3.026,0.418
"TCGA-30-1859-01A-01R-0655-07","OV.mRNA",3.78825,-4.84675,1.119
"TCGA-30-1860-01A-01R-0655-07","OV.mRNA",-0.13125,-2.585625,0.969666666666667
"TCGA-30-1861-01A-01R-0655-07","OV.mRNA",3.745,-3.452625,1.90125
"TCGA-30-1862-01A-02R-0655-07","OV.mRNA",3.434,-3.54275,3.56608333333333
"TCGA-30-1866-01A-02R-0655-07","OV.mRNA",4.221,-4.448375,1.57658333333333
"TCGA-30-1867-01A-01R-0655-07","OV.mRNA",3.79275,-4.094375,1.64525
"TCGA-30-1880-01A-01R-0655-07","OV.mRNA",3.9145,-2.857875,2.282
"TCGA-30-1887-01A-01R-0655-07","OV.mRNA",3.6575,-3.566375,1.63725
"TCGA-30-1891-01A-01R-0655-07","OV.mRNA",3.552,-3.689375,1.28091666666667
"TCGA-30-1892-01A-01R-0655-07","OV.mRNA",3.91625,-4.10025,1.59375
"TCGA-31-1944-01A-01R-0655-07","OV.mRNA",3.548,-4.5195,0.663916666666667
"TCGA-31-1946-01A-01R-0655-07","OV.mRNA",3.667,-4.334625,1.6805
"TCGA-31-1950-01A-01R-0655-07","OV.mRNA",3.37225,-4.71225,4.33458333333333
"TCGA-31-1951-01A-01R-0655-07","OV.mRNA",3.65075,-4.304625,2.69608333333333
"TCGA-31-1953-01A-01R-0655-07","OV.mRNA",3.5825,-3.88825,1.72383333333333
"TCGA-31-1955-01A-01R-0655-07","OV.mRNA",3.66125,-4.44875,2.22941666666667
"TCGA-31-1956-01A-01R-0655-07","OV.mRNA",2.84275,-3.36975,0.979333333333333
"TCGA-31-1959-01A-01R-0655-07","OV.mRNA",3.90425,-3.70025,0.917
"TCGA-36-1568-01A-01R-0540-07","OV.mRNA",4.026,-4.285125,2.66066666666667
"TCGA-36-1569-01A-01R-0540-07","OV.mRNA",4.1015,-4.272625,0.477083333333333
"TCGA-36-1570-01A-01R-0540-07","OV.mRNA",3.4465,-5.066125,1.0435
"TCGA-36-1571-01A-01R-0540-07","OV.mRNA",4.107,-4.50425,1.39275
"TCGA-36-1574-01A-01R-0540-07","OV.mRNA",3.7295,-4.422,1.56258333333333
"TCGA-36-1575-01A-01R-0540-07","OV.mRNA",4.25225,-5.09575,3.21508333333333
"TCGA-36-1576-01A-01R-0540-07","OV.mRNA",3.8875,-3.930125,-0.192583333333333
"TCGA-36-1577-01A-01R-0540-07","OV.mRNA",3.14075,-4.83575,1.54641666666667
"TCGA-36-1578-01A-01R-0540-07","OV.mRNA",4.02675,-4.490875,3.03041666666667
"TCGA-36-1580-01A-01R-0540-07","OV.mRNA",4.04325,-4.125375,1.39875
"TCGA-36-1581-01A-01R-0540-07","OV.mRNA",-0.57275,-4.26825,0.315666666666667
"TCGA-36-2529-01A-01R-1050-07","OV.mRNA",3.57975,-3.986125,1.368
"TCGA-36-2530-01A-01R-1050-07","OV.mRNA",2.87625,-4.458625,2.14166666666667
"TCGA-36-2532-01A-01R-1050-07","OV.mRNA",3.583,-4.011375,2.42241666666667
"TCGA-36-2533-01A-01R-1050-07","OV.mRNA",3.3105,-4.129875,1.74083333333333
"TCGA-36-2534-01A-01R-1050-07","OV.mRNA",3.3425,-4.244625,3.29016666666667
"TCGA-36-2537-01A-01R-1050-07","OV.mRNA",3.8,-4.422125,1.02883333333333
"TCGA-36-2538-01A-01R-1050-07","OV.mRNA",2.92875,-5.11675,0.269
"TCGA-36-2539-01A-01R-1050-07","OV.mRNA",3.08075,-3.88925,0.59475
"TCGA-36-2540-01A-01R-1050-07","OV.mRNA",3.16575,-3.949125,1.25183333333333
"TCGA-36-2542-01A-01R-1050-07","OV.mRNA",4.03325,-4.141375,2.17208333333333
"TCGA-36-2543-01A-01R-1050-07","OV.mRNA",3.5135,-4.50125,2.14658333333333
"TCGA-36-2544-01A-01R-1050-07","OV.mRNA",3.20475,-4.75175,0.87275
"TCGA-36-2545-01A-01R-1050-07","OV.mRNA",3.25525,-3.492375,1.02966666666667
"TCGA-36-2547-01A-01R-1050-07","OV.mRNA",3.54225,-4.726875,2.4595
"TCGA-36-2548-01A-01R-1050-07","OV.mRNA",4.28925,-3.979875,1.98425
"TCGA-36-2549-01A-01R-1050-07","OV.mRNA",3.326,-4.26925,2.16391666666667
"TCGA-36-2551-01A-01R-1050-07","OV.mRNA",3.372,-3.7245,2.01333333333333
"TCGA-36-2552-01A-01R-1050-07","OV.mRNA",3.8525,-4.4545,-0.00299999999999998
"TCGA-42-2582-01A-01R-1231-07","OV.mRNA",2.3105,-4.655125,0.87975
"TCGA-42-2587-01A-01R-1050-07","OV.mRNA",2.781,-3.175625,2.06616666666667
"TCGA-42-2588-01A-01R-1050-07","OV.mRNA",2.22775,-3.937,0.844583333333333
"TCGA-42-2589-01A-01R-1050-07","OV.mRNA",3.35775,-3.7645,0.838416666666666
"TCGA-42-2590-01A-01R-1050-07","OV.mRNA",2.682,-4.118875,1.13733333333333
"TCGA-42-2591-01A-01R-1050-07","OV.mRNA",2.67725,-5.246125,0.54325
"TCGA-42-2593-01A-01R-1050-07","OV.mRNA",2.4045,-3.285375,2.72
"TCGA-57-1582-01A-01R-0540-07","OV.mRNA",3.92575,-3.388125,0.346083333333333
"TCGA-57-1583-01A-01R-0540-07","OV.mRNA",4.3075,-4.923125,2.716
"TCGA-57-1584-01A-01R-0540-07","OV.mRNA",4.0885,-4.883875,2.17966666666667
"TCGA-57-1585-01A-01R-0540-07","OV.mRNA",3.83275,-4.05175,1.68475
"TCGA-57-1586-01A-02R-0566-07","OV.mRNA",3.8375,-2.776125,1.60475
"TCGA-57-1992-01A-01R-0655-07","OV.mRNA",2.89275,-5.11825,1.52583333333333
"TCGA-57-1993-01A-01R-0655-07","OV.mRNA",3.463,-2.891,1.92108333333333
"TCGA-57-1994-01A-01R-0655-07","OV.mRNA",3.83025,-4.086625,3.17933333333333
"TCGA-59-2348-01A-01R-0711-07","OV.mRNA",3.5985,-4.447,1.66283333333333
"TCGA-59-2349-01A-01R-0711-07","OV.mRNA",-0.49625,1.395875,-4.22791666666667
"TCGA-59-2350-01A-01R-0711-07","OV.mRNA",4.55825,-4.991,1.11925
"TCGA-59-2351-01A-01R-0711-07","OV.mRNA",3.88725,-4.776375,1.49625
"TCGA-59-2352-01A-01R-0711-07","OV.mRNA",4.2505,-5.49575,3.7045
"TCGA-59-2354-01A-01R-0711-07","OV.mRNA",3.8765,-3.81425,2.56408333333333
"TCGA-59-2355-01A-01R-0711-07","OV.mRNA",2.77225,-3.898375,1.85333333333333
"TCGA-59-2363-01A-01R-0711-07","OV.mRNA",4.0255,-5.765375,1.61783333333333
"TCGA-59-2372-01A-01R-1050-07","OV.mRNA",4.56525,-5.680625,1.31241666666667
"TCGA-61-1721-01A-01R-0655-07","OV.mRNA",0.2495,-4.687375,0.0201666666666667
"TCGA-61-1722-01A-01R-0584-07","OV.mRNA",3.66775,-3.992625,2.11183333333333
"TCGA-61-1724-01A-01R-0655-07","OV.mRNA",3.75075,-4.22525,1.94475
"TCGA-61-1725-01A-01R-0584-07","OV.mRNA",1.95325,-4.110375,0.637666666666667
"TCGA-61-1727-01A-01R-0584-07","OV.mRNA",3.831,-3.25675,2.59616666666667
"TCGA-61-1728-01A-01R-0655-07","OV.mRNA",4.049,-3.985125,2.02733333333333
"TCGA-61-1730-01A-01R-0584-07","OV.mRNA",4.502,-3.762875,1.69191666666667
"TCGA-61-1733-01A-01R-0584-07","OV.mRNA",4.08775,-4.87075,1.05966666666667
"TCGA-61-1734-01B-01R-0670-07","OV.mRNA",4.04125,-5.20075,1.57825
"TCGA-61-1736-01B-01R-0670-07","OV.mRNA",3.566,-4.48,1.26508333333333
"TCGA-61-1737-01A-01R-0584-07","OV.mRNA",3.60225,-4.364625,0.298583333333333
"TCGA-61-1738-01A-01R-0584-07","OV.mRNA",3.93475,-4.431625,1.31616666666667
"TCGA-61-1740-01A-01R-0584-07","OV.mRNA",3.41825,-4.034875,1.55275
"TCGA-61-1741-01A-02R-0584-07","OV.mRNA",3.49875,-4.510375,2.7945
"TCGA-61-1743-01A-01R-0655-07","OV.mRNA",4.198,-5.03725,2.12508333333333
"TCGA-61-1895-01A-01R-0584-07","OV.mRNA",2.179,-4.094125,0.190416666666667
"TCGA-61-1899-01A-01R-0584-07","OV.mRNA",3.42375,-4.497125,2.36725
"TCGA-61-1900-01A-01R-0584-07","OV.mRNA",2.703,-5.5405,1.10233333333333
"TCGA-61-1901-01A-01R-0584-07","OV.mRNA",3.9305,-4.388125,1.29233333333333
"TCGA-61-1903-01A-01R-0584-07","OV.mRNA",3.923,-4.299625,1.04516666666667
"TCGA-61-1904-01A-01R-0584-07","OV.mRNA",3.374,-3.50225,1.3425
"TCGA-61-1906-01A-01R-0584-07","OV.mRNA",2.6865,-3.54675,0.810916666666667
"TCGA-61-1907-01A-01R-0584-07","OV.mRNA",1.75625,-3.828,1.68633333333333
"TCGA-61-1910-01A-01R-0584-07","OV.mRNA",3.88775,-4.113625,2.22075
"TCGA-61-1911-01A-01R-0584-07","OV.mRNA",2.8845,-2.1,2.606
"TCGA-61-1913-01A-01R-0584-07","OV.mRNA",2.949,-4.002,1.77716666666667
"TCGA-61-1914-01A-01R-0584-07","OV.mRNA",4.16075,-4.34925,1.69383333333333
"TCGA-61-1915-01A-01R-0584-07","OV.mRNA",3.8005,-4.32425,2.61425
"TCGA-61-1916-01A-01R-0810-07","OV.mRNA",3.402,-4.49625,1.76975
"TCGA-61-1916-02A-01R-0810-07","OV.mRNA",3.1835,-4.1765,3.13141666666667
"TCGA-61-1917-01A-01R-0655-07","OV.mRNA",4.1895,-3.842125,1.3955
"TCGA-61-1918-01A-01R-0655-07","OV.mRNA",3.68925,-4.281875,1.85791666666667
"TCGA-61-1919-01A-01R-0655-07","OV.mRNA",4.199,-3.717375,0.931916666666667
"TCGA-61-1995-01A-01R-0670-07","OV.mRNA",3.8865,-3.327,2.15833333333333
"TCGA-61-1998-01A-01R-0670-07","OV.mRNA",4.84575,-5.248875,0.984333333333333
"TCGA-61-2000-01A-01R-0670-07","OV.mRNA",4.16275,-4.128875,1.93433333333333
"TCGA-61-2002-01A-01R-0670-07","OV.mRNA",3.641,-4.04725,1.29108333333333
"TCGA-61-2003-01A-01R-0670-07","OV.mRNA",3.56725,-4.573625,-0.303416666666667
"TCGA-61-2008-01A-02R-0670-07","OV.mRNA",3.1335,-5.70575,0.685
"TCGA-61-2008-02A-01R-0810-07","OV.mRNA",3.1035,-4.549125,2.52825
"TCGA-61-2009-01A-01R-0670-07","OV.mRNA",3.80725,-4.214375,-1.57875
"TCGA-61-2012-01A-01R-0670-07","OV.mRNA",4.979,-4.3435,2.33875
"TCGA-61-2016-01A-01R-0670-07","OV.mRNA",3.555,-4.471,2.60816666666667
"TCGA-61-2017-01A-01R-0670-07","OV.mRNA",4.2375,-5.192375,1.85666666666667
"TCGA-61-2018-01A-01R-0670-07","OV.mRNA",1.58325,-4.002375,1.33425
"TCGA-61-2087-01A-01R-0670-07","OV.mRNA",3.62,-4.6935,0.955416666666666
"TCGA-61-2088-01A-01R-0670-07","OV.mRNA",5.573,-3.3255,2.88233333333333
"TCGA-61-2092-01A-01R-0670-07","OV.mRNA",3.7545,-5.434875,1.65775
"TCGA-61-2094-01A-01R-0670-07","OV.mRNA",4.1605,-3.394,1.77275
"TCGA-61-2095-01A-01R-0670-07","OV.mRNA",4.57275,-4.40025,1.79866666666667
"TCGA-61-2095-02A-01R-0810-07","OV.mRNA",2.73,-3.492125,0.851666666666667
"TCGA-61-2096-01A-01R-0670-07","OV.mRNA",2.488,-4.35975,1.87316666666667
"TCGA-61-2097-01A-02R-0670-07","OV.mRNA",3.43,-4.887875,1.36391666666667
"TCGA-61-2098-01A-01R-0670-07","OV.mRNA",3.39725,-5.366875,0.686916666666667
"TCGA-61-2101-01A-01R-0670-07","OV.mRNA",4.57225,-4.58375,1.23266666666667
"TCGA-61-2102-01A-01R-0670-07","OV.mRNA",-0.94375,-2.60625,-3.93058333333333
"TCGA-61-2104-01A-01R-0670-07","OV.mRNA",4.01225,-5.215,1.98175
"TCGA-61-2109-01A-01R-0670-07","OV.mRNA",4.412,-4.37975,2.20508333333333
"TCGA-61-2110-01A-01R-0670-07","OV.mRNA",4.18225,-5.1515,2.1235
"TCGA-61-2111-01A-01R-0670-07","OV.mRNA",4.257,-5.0205,3.5365
"TCGA-61-2113-01A-01R-0670-07","OV.mRNA",3.7845,-3.887125,1.11875
"TCGA-61-2610-02A-01R-1141-07","OV.mRNA",2.0805,-1.593625,2.42741666666667
"TCGA-61-2611-02A-01R-1141-07","OV.mRNA",2.24725,-4.30775,-0.866916666666667
"TCGA-61-2612-01A-01R-1141-07","OV.mRNA",3.12525,-3.53175,-2.30691666666667
"TCGA-61-2613-01A-01R-1141-07","OV.mRNA",3.35075,-3.849,1.47075
"TCGA-61-2614-01A-01R-1141-07","OV.mRNA",3.37775,-3.96,-0.603166666666667
"TCGA-A5-A0G2-01A-11R-A040-07","UCEC.mRNA",4.4505,-4.906125,-3.12325
"TCGA-A5-A0G3-01A-11R-A040-07","UCEC.mRNA",4.24775,-5.538,-0.1515
"TCGA-A5-A0G5-01A-11R-A040-07","UCEC.mRNA",4.0935,-3.301125,-2.42333333333333
"TCGA-A5-A0GA-01A-11R-A040-07","UCEC.mRNA",4.67775,-4.73257142857143,2.58733333333333
"TCGA-A5-A0GB-01A-11R-A040-07","UCEC.mRNA",3.04225,-4.7165,2.87608333333333
"TCGA-A5-A0GE-01A-11R-A040-07","UCEC.mRNA",4.12925,-4.254375,2.96908333333333
"TCGA-A5-A0GH-01A-21R-A040-07","UCEC.mRNA",3.2045,-4.042125,-1.47858333333333
"TCGA-A5-A0GM-01A-11R-A040-07","UCEC.mRNA",3.4795,-4.829375,3.3445
"TCGA-A5-A0GP-01A-11R-A040-07","UCEC.mRNA",2.681,-4.109875,3.4725
"TCGA-A5-A0GU-01A-11R-A040-07","UCEC.mRNA",3.61175,-5.05,4.395
"TCGA-AP-A051-01A-21R-A00V-07","UCEC.mRNA",3.314,-4.330125,3.04066666666667
"TCGA-AP-A052-01A-11R-A00V-07","UCEC.mRNA",4.43875,-3.884125,1.14075
"TCGA-AP-A053-01A-21R-A00V-07","UCEC.mRNA",3.91725,-4.085625,1.823
"TCGA-AP-A054-01A-11R-A040-07","UCEC.mRNA",-0.1135,-4.227125,-1.2995
"TCGA-AP-A056-01A-11R-A00V-07","UCEC.mRNA",2.98775,-3.96375,2.76383333333333
"TCGA-AP-A05A-01A-11R-A00V-07","UCEC.mRNA",3.9285,-1.80025,-0.37275
"TCGA-AP-A05D-01A-11R-A00V-07","UCEC.mRNA",5.02675,-4.159625,0.062
"TCGA-AP-A05H-01A-11R-A00V-07","UCEC.mRNA",3.45925,-5.31375,-1.35391666666667
"TCGA-AP-A05J-01A-11R-A00V-07","UCEC.mRNA",4.18625,-5.375625,2.04716666666667
"TCGA-AP-A05N-01A-11R-A00V-07","UCEC.mRNA",3.02225,-4.279625,3.0475
"TCGA-AP-A05P-01A-11R-A040-07","UCEC.mRNA",3.36425,0.44125,2.85358333333333
"TCGA-AP-A0L8-01A-11R-A040-07","UCEC.mRNA",4.2235,-1.805625,1.44366666666667
"TCGA-AP-A0L9-01A-11R-A040-07","UCEC.mRNA",4.51725,-4.707625,0.628833333333333
"TCGA-AP-A0LD-01A-11R-A040-07","UCEC.mRNA",3.17875,-3.195625,0.826583333333333
"TCGA-AP-A0LG-01A-11R-A040-07","UCEC.mRNA",3.9985,-4.01725,3.72975
"TCGA-AP-A0LH-01A-11R-A040-07","UCEC.mRNA",4.25475,-3.631125,2.77516666666667
"TCGA-AP-A0LJ-01A-11R-A040-07","UCEC.mRNA",2.70675,-3.16625,2.79841666666667
"TCGA-AP-A0LN-01A-11R-A040-07","UCEC.mRNA",3.87825,-3.87875,4.06433333333333
"TCGA-AP-A0LT-01A-11R-A040-07","UCEC.mRNA",4.29375,-5.078375,2.69833333333333
"TCGA-AP-A0LV-01A-11R-A040-07","UCEC.mRNA",3.30675,-4.98025,2.69133333333333
"TCGA-AX-A05S-01A-11R-A00V-07","UCEC.mRNA",4.13425,-4.027375,3.48116666666667
"TCGA-AX-A05T-01A-11R-A00V-07","UCEC.mRNA",3.681,-5.02075,4.13433333333333
"TCGA-AX-A05U-01A-11R-A00V-07","UCEC.mRNA",3.6785,-5.018625,4.22908333333333
"TCGA-AX-A05W-01A-21R-A00V-07","UCEC.mRNA",3.56075,-4.181875,2.63491666666667
"TCGA-AX-A05Y-01A-11R-A00V-07","UCEC.mRNA",3.125,-4.56475,4.36875
"TCGA-AX-A05Z-01A-11R-A00V-07","UCEC.mRNA",3.865,-3.8675,2.04041666666667
"TCGA-AX-A060-01A-11R-A00V-07","UCEC.mRNA",2.7175,-5.27042857142857,3.52333333333333
"TCGA-AX-A062-01A-11R-A00V-07","UCEC.mRNA",3.037,-4.315875,3.06283333333333
"TCGA-AX-A063-01A-11R-A00V-07","UCEC.mRNA",4.3095,-3.511125,4.73691666666667
"TCGA-AX-A064-01A-11R-A00V-07","UCEC.mRNA",3.99725,-3.73125,2.40241666666667
"TCGA-AX-A06B-01A-11R-A00V-07","UCEC.mRNA",3.49125,-4.29,4.25
"TCGA-AX-A06F-01A-11R-A00V-07","UCEC.mRNA",3.915,-4.638625,0.799083333333333
"TCGA-AX-A06J-01A-11R-A00V-07","UCEC.mRNA",1.9545,-4.092875,2.013
"TCGA-AX-A0IW-01A-11R-A040-07","UCEC.mRNA",3.82675,-4.575875,0.2865
"TCGA-AX-A0J1-01A-11R-A040-07","UCEC.mRNA",3.75925,-5.057375,3.19866666666667
"TCGA-B5-A0JR-01A-13R-A040-07","UCEC.mRNA",3.76875,-4.528375,2.96525
"TCGA-B5-A0JZ-01A-11R-A040-07","UCEC.mRNA",4.32625,-3.65625,3.30925
"TCGA-B5-A0K0-01A-11R-A040-07","UCEC.mRNA",3.19525,-3.819875,2.5045
"TCGA-B5-A0K1-01A-11R-A040-07","UCEC.mRNA",4.50525,-4.16625,3.76775
"TCGA-B5-A0K4-01A-11R-A040-07","UCEC.mRNA",-1.28525,-3.6,4.11
"TCGA-BG-A0LW-01A-11R-A040-07","UCEC.mRNA",3.50825,-4.045625,2.76925
"TCGA-BG-A0MI-01A-11R-A040-07","UCEC.mRNA",3.51825,-4.442125,3.41183333333333
"TCGA-BK-A0C9-01A-11R-A00V-07","UCEC.mRNA",3.03275,-5.177,3.61941666666667
"TCGA-BK-A0CC-01A-21R-A00V-07","UCEC.mRNA",4.10775,-1.81425,-2.55766666666667
